CREATE DATABASE  IF NOT EXISTS `selfcheckout` /*!40100 DEFAULT CHARACTER SET utf8mb4 COLLATE utf8mb4_0900_ai_ci */ /*!80016 DEFAULT ENCRYPTION='N' */;
USE `selfcheckout`;
-- MySQL dump 10.13  Distrib 8.0.33, for macos13 (arm64)
--
-- Host: 127.0.0.1    Database: selfcheckout
-- ------------------------------------------------------
-- Server version	8.3.0

/*!40101 SET @OLD_CHARACTER_SET_CLIENT=@@CHARACTER_SET_CLIENT */;
/*!40101 SET @OLD_CHARACTER_SET_RESULTS=@@CHARACTER_SET_RESULTS */;
/*!40101 SET @OLD_COLLATION_CONNECTION=@@COLLATION_CONNECTION */;
/*!50503 SET NAMES utf8 */;
/*!40103 SET @OLD_TIME_ZONE=@@TIME_ZONE */;
/*!40103 SET TIME_ZONE='+00:00' */;
/*!40014 SET @OLD_UNIQUE_CHECKS=@@UNIQUE_CHECKS, UNIQUE_CHECKS=0 */;
/*!40014 SET @OLD_FOREIGN_KEY_CHECKS=@@FOREIGN_KEY_CHECKS, FOREIGN_KEY_CHECKS=0 */;
/*!40101 SET @OLD_SQL_MODE=@@SQL_MODE, SQL_MODE='NO_AUTO_VALUE_ON_ZERO' */;
/*!40111 SET @OLD_SQL_NOTES=@@SQL_NOTES, SQL_NOTES=0 */;

--
-- Table structure for table `feedbacks`
--

DROP TABLE IF EXISTS `feedbacks`;
/*!40101 SET @saved_cs_client     = @@character_set_client */;
/*!50503 SET character_set_client = utf8mb4 */;
CREATE TABLE `feedbacks` (
  `feedback_id` bigint NOT NULL DEFAULT '0',
  `timestamp` datetime(6) DEFAULT NULL,
  `rating` double DEFAULT NULL,
  `user_id` bigint DEFAULT NULL
) ENGINE=InnoDB DEFAULT CHARSET=utf8mb4 COLLATE=utf8mb4_0900_ai_ci;
/*!40101 SET character_set_client = @saved_cs_client */;

--
-- Dumping data for table `feedbacks`
--

LOCK TABLES `feedbacks` WRITE;
/*!40000 ALTER TABLE `feedbacks` DISABLE KEYS */;
INSERT INTO `feedbacks` VALUES (2,'2024-02-08 20:06:07.510213',2,1),(3,'2024-02-08 20:06:10.309391',2,1),(4,'2024-02-08 20:07:05.393515',2,1),(5,'2024-02-08 20:08:15.825693',3,1),(6,'2024-02-08 20:18:33.209750',3,1),(7,'2024-02-08 20:29:58.129814',3,1),(8,'2024-02-08 20:41:46.293229',3,1),(9,'2024-02-09 15:27:37.096778',3,1),(10,'2024-02-12 13:57:36.837390',3,1),(11,'2024-02-13 11:04:41.413439',3,1),(12,'2024-02-13 13:52:35.588687',2,1),(13,'2024-02-13 16:24:45.370550',3,1),(14,'2024-02-13 16:25:47.665664',1,1),(15,'2024-02-13 22:54:50.160566',3,1),(16,'2024-02-16 14:11:30.878414',3,1),(17,'2024-02-19 14:51:03.511299',3,1),(18,'2024-02-19 15:01:57.640694',2,NULL),(19,'2024-02-23 11:54:15.004748',2,7),(20,'2024-02-26 11:16:42.645937',2,7),(21,'2024-02-26 11:28:37.803451',1,10),(22,'2024-02-26 12:14:46.762813',3,11),(23,'2024-02-26 16:19:27.704746',2,7),(24,'2024-02-27 17:15:31.643504',3,12),(25,'2024-03-05 19:48:43.733204',2,7),(26,'2024-03-06 14:16:42.525845',3,7),(27,'2024-03-12 18:47:44.885474',2,15),(28,'2024-03-15 13:28:16.673977',3,15),(29,'2024-05-06 14:28:12.870847',1,7),(30,'2024-05-20 10:51:19.245969',3,19),(31,'2024-05-20 11:53:03.290918',3,19);
/*!40000 ALTER TABLE `feedbacks` ENABLE KEYS */;
UNLOCK TABLES;

--
-- Table structure for table `order_items`
--

DROP TABLE IF EXISTS `order_items`;
/*!40101 SET @saved_cs_client     = @@character_set_client */;
/*!50503 SET character_set_client = utf8mb4 */;
CREATE TABLE `order_items` (
  `order_item_id` bigint NOT NULL DEFAULT '0',
  `mrp` double DEFAULT NULL,
  `price` double DEFAULT NULL,
  `product_full_name` varchar(255) DEFAULT NULL,
  `product_id` varchar(255) DEFAULT NULL,
  `quantity` int DEFAULT NULL,
  `transaction_id` varchar(255) DEFAULT NULL
) ENGINE=InnoDB DEFAULT CHARSET=utf8mb4 COLLATE=utf8mb4_0900_ai_ci;
/*!40101 SET character_set_client = @saved_cs_client */;

--
-- Dumping data for table `order_items`
--

LOCK TABLES `order_items` WRITE;
/*!40000 ALTER TABLE `order_items` DISABLE KEYS */;
INSERT INTO `order_items` VALUES (1,3475,3189,'Elite Footwear Classic White Sneakers','PRD12461SG3G',1,'TRX290060'),(2,1254,1000,'Bliss Pink Blush Palette','PRD12461SG3C',1,'TRX290060'),(3,3475,3132,'Opulent Blush Peach Blush Palette','PRD12461SG3H',1,'TRX290060'),(4,6513,5495,'Glow White Shirt','PRD12461SG3D',1,'TRX290060'),(5,5475,5400,'Stride Black Sneakers','PRD12461SG3B',1,'TRX290060'),(6,3463,3112,'Nova Trends Slim Fit Jeans','PRD12461SG3E',1,'TRX290060'),(7,3475,3466,'Mystique Striped Shirt','PRD12461SG3I',1,'TRX290060'),(8,3475,3156,'Eclat Nude Lipstick','PRD12461SG3F',1,'TRX290060'),(9,4475,4400,'Lush Red Lipstick','PRD12461SG3A',1,'TRX290060'),(10,3475,3400,'Verve Denim Jeans - Grey','PRD12461SG3J',1,'TRX290060'),(11,3475,1999,'Eclat Nude Lipstick','PRD12461SG3F',1,'TRX566893'),(12,2000,1500,'Opulent Blush Peach Blush Palette','PRD12461SG3H',1,'TRX566893'),(13,3463,2050,'Nova Trends Slim Fit Jeans','PRD12461SG3E',1,'TRX566893'),(14,3500,2500,'Elite Footwear Classic White Sneakers','PRD12461SG3G',1,'TRX566893'),(15,6513,5495,'Glow White Shirt','PRD12461SG3D',1,'TRX566893'),(16,5200,3500,'Mystique Striped Shirt','PRD12461SG3I',1,'TRX566893'),(17,1254,1000,'Bliss Pink Blush Palette','PRD12461SG3C',1,'TRX566893'),(18,4000,3400,'Verve Denim Jeans - Grey','PRD12461SG3J',1,'TRX566893'),(19,5475,4200,'Stride Black Sneakers','PRD12461SG3B',1,'TRX566893'),(20,4475,4000,'Lush Red Lipstick','PRD12461SG3A',1,'TRX566893'),(21,4000,3400,'Verve Denim Jeans - Grey','PRD12461SG3J',1,'TRX381365'),(22,2000,1500,'Opulent Blush Peach Blush Palette','PRD12461SG3H',1,'TRX381365'),(23,1254,1000,'Bliss Pink Blush Palette','PRD12461SG3C',1,'TRX381365'),(24,6513,5495,'Glow White Shirt','PRD12461SG3D',1,'TRX381365'),(25,3475,1999,'Eclat Nude Lipstick','PRD12461SG3F',1,'TRX381365'),(26,3463,2050,'Nova Trends Slim Fit Jeans','PRD12461SG3E',1,'TRX381365'),(27,5475,4200,'Stride Black Sneakers','PRD12461SG3B',1,'TRX381365'),(28,5200,3500,'Mystique Striped Shirt','PRD12461SG3I',1,'TRX381365'),(29,10,10,'KPMG Retail Carry Bag (Medium)','PRD12461SG3Y',12,'TRX381365'),(30,3500,2500,'Elite Footwear Classic White Sneakers','PRD12461SG3G',1,'TRX230072'),(31,5475,4200,'Stride Black Sneakers','PRD12461SG3B',1,'TRX230072'),(32,2000,1500,'Opulent Blush Peach Blush Palette','PRD12461SG3H',1,'TRX230072'),(33,1254,1000,'Bliss Pink Blush Palette','PRD12461SG3C',1,'TRX230072'),(34,4475,4000,'Lush Red Lipstick','PRD12461SG3A',1,'TRX230072'),(35,4000,3400,'Verve Denim Jeans - Grey','PRD12461SG3J',1,'TRX230072'),(36,3463,2050,'Nova Trends Slim Fit Jeans','PRD12461SG3E',1,'TRX230072'),(37,5200,3500,'Mystique Striped Shirt','PRD12461SG3I',1,'TRX230072'),(38,6513,5495,'Glow White Shirt','PRD12461SG3D',1,'TRX230072'),(39,3475,1999,'Eclat Nude Lipstick','PRD12461SG3F',1,'TRX230072'),(40,15,15,'KPMG Retail Carry Bag (Large)','PRD12461SG3Z',1,'TRX230072'),(41,3500,2500,'Elite Footwear Classic White Sneakers','PRD12461SG3G',1,'TRX491761'),(42,2000,1500,'Opulent Blush Peach Blush Palette','PRD12461SG3H',1,'TRX491761'),(43,3475,1999,'Eclat Nude Lipstick','PRD12461SG3F',1,'TRX491761'),(44,5200,3500,'Mystique Striped Shirt','PRD12461SG3I',1,'TRX491761'),(45,4475,4000,'Lush Red Lipstick','PRD12461SG3A',1,'TRX491761'),(46,5475,4200,'Stride Black Sneakers','PRD12461SG3B',1,'TRX491761'),(47,3463,2050,'Nova Trends Slim Fit Jeans','PRD12461SG3E',1,'TRX491761'),(48,1254,1000,'Bliss Pink Blush Palette','PRD12461SG3C',1,'TRX491761'),(49,6513,5495,'Glow White Shirt','PRD12461SG3D',1,'TRX491761'),(50,4000,3400,'Verve Denim Jeans - Grey','PRD12461SG3J',1,'TRX491761'),(51,10,10,'KPMG Retail Carry Bag (Medium)','PRD12461SG3Y',2,'TRX491761'),(52,15,15,'KPMG Retail Carry Bag (Large)','PRD12461SG3Z',1,'TRX491761'),(53,3500,2500,'Elite Footwear Classic White Sneakers','PRD12461SG3G',1,'TRX125735'),(54,4475,4000,'Lush Red Lipstick','PRD12461SG3A',1,'TRX125735'),(55,6513,5495,'Glow White Shirt','PRD12461SG3D',1,'TRX125735'),(56,3475,1999,'Eclat Nude Lipstick','PRD12461SG3F',1,'TRX125735'),(57,5475,3975,'Stride Black Sneakers','PRD12461SG3B',1,'TRX125735'),(58,5475,3975,'Stride Black Sneakers','PRD12461SG3L',1,'TRX125735'),(59,4000,3400,'Verve Denim Jeans - Grey','PRD12461SG3J',1,'TRX125735'),(60,3463,2050,'Nova Trends Slim Fit Jeans','PRD12461SG3E',1,'TRX125735'),(61,2000,1500,'Opulent Blush Peach Blush Palette','PRD12461SG3H',1,'TRX125735'),(62,5475,3975,'Stride Black Sneakers','PRD12461SG3K',1,'TRX125735'),(63,1254,1000,'Bliss Pink Blush Palette','PRD12461SG3C',1,'TRX125735'),(64,5200,3500,'Mystique Striped Shirt','PRD12461SG3I',1,'TRX125735'),(65,2000,1500,'Opulent Blush Peach Blush Palette','PRD12461SG3H',1,'TRX763306'),(66,5200,3500,'Mystique Striped Shirt','PRD12461SG3I',1,'TRX763306'),(67,5475,3975,'Stride Black Sneakers','PRD12461SG3L',1,'TRX763306'),(68,4475,4000,'Lush Red Lipstick','PRD12461SG3A',1,'TRX763306'),(69,5475,3975,'Stride Black Sneakers','PRD12461SG3B',1,'TRX763306'),(70,6513,5495,'Glow White Shirt','PRD12461SG3D',1,'TRX763306'),(71,3463,2050,'Nova Trends Slim Fit Jeans','PRD12461SG3E',1,'TRX763306'),(72,4000,3400,'Verve Denim Jeans - Grey','PRD12461SG3J',1,'TRX763306'),(73,3475,1999,'Eclat Nude Lipstick','PRD12461SG3F',1,'TRX763306'),(74,1254,1000,'Bliss Pink Blush Palette','PRD12461SG3C',1,'TRX763306'),(75,3500,2500,'Elite Footwear Classic White Sneakers','PRD12461SG3G',1,'TRX763306'),(76,5475,3975,'Stride Black Sneakers','PRD12461SG3K',1,'TRX763306'),(77,10,10,'KPMG Retail Carry Bag (Medium)','PRD12461SG3Y',1,'TRX763306'),(78,5,5,'KPMG Retail Carry Bag (Small)','PRD12461SG3X',3,'TRX763306'),(79,15,15,'KPMG Retail Carry Bag (Large)','PRD12461SG3Z',1,'TRX763306'),(80,6513,5495,'Glow White Shirt','PRD12461SG3D',1,'TRX646885'),(81,5475,3975,'Stride Black Sneakers','PRD12461SG3B',1,'TRX646885'),(82,5200,3500,'Mystique Striped Shirt','PRD12461SG3I',1,'TRX646885'),(83,4000,3400,'Verve Denim Jeans - Grey','PRD12461SG3J',1,'TRX646885'),(84,4475,4000,'Lush Red Lipstick','PRD12461SG3A',1,'TRX646885'),(85,3463,2050,'Nova Trends Slim Fit Jeans','PRD12461SG3E',1,'TRX646885'),(86,1254,1000,'Bliss Pink Blush Palette','PRD12461SG3C',1,'TRX646885'),(87,3475,1999,'Eclat Nude Lipstick','PRD12461SG3F',1,'TRX646885'),(88,5475,3975,'Stride Black Sneakers','PRD12461SG3K',1,'TRX646885'),(89,2000,1500,'Opulent Blush Peach Blush Palette','PRD12461SG3H',1,'TRX646885'),(90,5475,3975,'Stride Black Sneakers','PRD12461SG3L',1,'TRX646885'),(91,3500,2500,'Elite Footwear Classic White Sneakers','PRD12461SG3G',1,'TRX646885'),(92,10,10,'KPMG Retail Carry Bag (Medium)','PRD12461SG3Y',5,'TRX646885'),(93,5,5,'KPMG Retail Carry Bag (Small)','PRD12461SG3X',6,'TRX646885'),(94,15,15,'KPMG Retail Carry Bag (Large)',NULL,31,'TRX646885'),(95,1254,1000,'Bliss Pink Blush Palette','PRD12461SG3C',1,'TRX156530'),(96,3475,1999,'Eclat Nude Lipstick','PRD12461SG3F',1,'TRX156530'),(97,3500,2500,'Elite Footwear Classic White Sneakers','PRD12461SG3G',1,'TRX156530'),(98,5475,3975,'Stride Black Sneakers','PRD12461SG3B',1,'TRX156530'),(99,6513,5495,'Glow White Shirt','PRD12461SG3D',1,'TRX156530'),(100,4475,4000,'Lush Red Lipstick','PRD12461SG3A',1,'TRX156530'),(101,2000,1500,'Opulent Blush Peach Blush Palette','PRD12461SG3H',1,'TRX156530'),(102,4000,3400,'Verve Denim Jeans - Grey','PRD12461SG3J',1,'TRX156530'),(103,5475,3975,'Stride Black Sneakers','PRD12461SG3L',1,'TRX156530'),(104,5475,3975,'Stride Black Sneakers','PRD12461SG3K',1,'TRX156530'),(105,3463,2050,'Nova Trends Slim Fit Jeans','PRD12461SG3E',1,'TRX156530'),(106,5200,3500,'Mystique Striped Shirt','PRD12461SG3I',1,'TRX156530'),(107,15,15,'KPMG Retail Carry Bag (Large)',NULL,9,'TRX156530'),(108,5475,3975,'Stride Black Sneakers','PRD12461SG3K',1,'TRX703640'),(109,4475,4000,'Lush Red Lipstick','PRD12461SG3A',1,'TRX703640'),(110,5475,3975,'Stride Black Sneakers','PRD12461SG3B',1,'TRX703640'),(111,1254,1000,'Bliss Pink Blush Palette','PRD12461SG3C',1,'TRX703640'),(112,5200,3500,'Mystique Striped Shirt','PRD12461SG3I',1,'TRX703640'),(113,6513,5495,'Glow White Shirt','PRD12461SG3D',1,'TRX703640'),(114,3500,2500,'Elite Footwear Classic White Sneakers','PRD12461SG3G',1,'TRX703640'),(115,5475,3975,'Stride Black Sneakers','PRD12461SG3L',1,'TRX703640'),(116,3463,2050,'Nova Trends Slim Fit Jeans','PRD12461SG3E',1,'TRX703640'),(117,3475,1999,'Eclat Nude Lipstick','PRD12461SG3F',1,'TRX703640'),(118,4000,3400,'Verve Denim Jeans - Grey','PRD12461SG3J',1,'TRX703640'),(119,2000,1500,'Opulent Blush Peach Blush Palette','PRD12461SG3H',1,'TRX703640'),(120,1254,1000,'Bliss Pink Blush Palette','PRD12461SG3C',1,'TRX555498'),(121,4475,4000,'Lush Red Lipstick','PRD12461SG3A',1,'TRX555498'),(122,2000,1500,'Opulent Blush Peach Blush Palette','PRD12461SG3H',1,'TRX555498'),(123,5475,3975,'Stride Black Sneakers','PRD12461SG3L',1,'TRX555498'),(124,3500,2500,'Elite Footwear Classic White Sneakers','PRD12461SG3G',1,'TRX555498'),(125,5475,3975,'Stride Black Sneakers','PRD12461SG3K',1,'TRX555498'),(126,6513,5495,'Glow White Shirt','PRD12461SG3D',1,'TRX555498'),(127,3463,2050,'Nova Trends Slim Fit Jeans','PRD12461SG3E',1,'TRX555498'),(128,3475,1999,'Eclat Nude Lipstick','PRD12461SG3F',1,'TRX555498'),(129,4000,3400,'Verve Denim Jeans - Grey','PRD12461SG3J',1,'TRX555498'),(130,5200,3500,'Mystique Striped Shirt','PRD12461SG3I',1,'TRX555498'),(131,1254,1000,'Bliss Pink Blush Palette','PRD12461SG3C',1,'TRX252276'),(132,5475,3975,'Stride Black Sneakers','PRD12461SG3B',1,'TRX252276'),(133,2000,1500,'Opulent Blush Peach Blush Palette','PRD12461SG3H',1,'TRX252276'),(134,5475,3975,'Stride Black Sneakers','PRD12461SG3L',1,'TRX252276'),(135,6513,5495,'Glow White Shirt','PRD12461SG3D',1,'TRX252276'),(136,3500,2500,'Elite Footwear Classic White Sneakers','PRD12461SG3G',1,'TRX252276'),(137,5200,3500,'Mystique Striped Shirt','PRD12461SG3I',1,'TRX252276'),(138,4475,4000,'Lush Red Lipstick','PRD12461SG3A',1,'TRX252276'),(139,4000,3400,'Verve Denim Jeans - Grey','PRD12461SG3J',1,'TRX252276'),(140,3463,2050,'Nova Trends Slim Fit Jeans','PRD12461SG3E',1,'TRX252276'),(141,5475,3975,'Stride Black Sneakers','PRD12461SG3K',1,'TRX252276'),(142,15,15,'KPMG Retail Carry Bag (Large)',NULL,3,'TRX252276'),(143,10,10,'KPMG Retail Carry Bag (Medium)',NULL,1,'TRX252276'),(144,1254,1000,'Bliss Pink Blush Palette','PRD12461SG3C',1,'TRX595806'),(145,5475,3975,'Stride Black Sneakers','PRD12461SG3K',1,'TRX595806'),(146,3463,2050,'Nova Trends Slim Fit Jeans','PRD12461SG3E',1,'TRX595806'),(147,6513,5495,'Glow White Shirt','PRD12461SG3D',1,'TRX595806'),(148,2000,1500,'Opulent Blush Peach Blush Palette','PRD12461SG3H',1,'TRX595806'),(149,5475,3975,'Stride Black Sneakers','PRD12461SG3L',1,'TRX595806'),(150,4000,3400,'Verve Denim Jeans - Grey','PRD12461SG3J',1,'TRX595806'),(151,5200,3500,'Mystique Striped Shirt','PRD12461SG3I',1,'TRX595806'),(152,3500,2500,'Elite Footwear Classic White Sneakers','PRD12461SG3G',1,'TRX595806'),(153,5475,3975,'Stride Black Sneakers','PRD12461SG3B',1,'TRX595806'),(154,4475,4000,'Lush Red Lipstick','PRD12461SG3A',1,'TRX595806'),(155,3475,1999,'Eclat Nude Lipstick','PRD12461SG3F',1,'TRX595806'),(156,5,5,'KPMG Retail Carry Bag (Small)',NULL,2,'TRX595806'),(157,10,10,'KPMG Retail Carry Bag (Medium)',NULL,1,'TRX595806'),(158,15,15,'KPMG Retail Carry Bag (Large)',NULL,5,'TRX595806'),(159,4475,4000,'Lush Red Lipstick','PRD12461SG3A',1,'TRX68756'),(160,4000,3400,'Verve Denim Jeans - Grey','PRD12461SG3J',1,'TRX68756'),(161,5475,3975,'Stride Black Sneakers','PRD12461SG3B',1,'TRX68756'),(162,3475,1999,'Eclat Nude Lipstick','PRD12461SG3F',1,'TRX68756'),(163,6513,5495,'Glow White Shirt','PRD12461SG3D',1,'TRX68756'),(164,5475,3975,'Stride Black Sneakers','PRD12461SG3L',1,'TRX68756'),(165,5475,3975,'Stride Black Sneakers','PRD12461SG3K',1,'TRX68756'),(166,2000,1500,'Opulent Blush Peach Blush Palette','PRD12461SG3H',1,'TRX68756'),(167,5200,3500,'Mystique Striped Shirt','PRD12461SG3I',1,'TRX68756'),(168,3500,2500,'Elite Footwear Classic White Sneakers','PRD12461SG3G',1,'TRX68756'),(169,3463,2050,'Nova Trends Slim Fit Jeans','PRD12461SG3E',1,'TRX68756'),(170,1254,1000,'Bliss Pink Blush Palette','PRD12461SG3C',1,'TRX68756'),(171,15,15,'KPMG Retail Carry Bag (Large)',NULL,2,'TRX68756'),(172,10,10,'KPMG Retail Carry Bag (Medium)',NULL,4,'TRX68756'),(173,5,5,'KPMG Retail Carry Bag (Small)',NULL,3,'TRX68756'),(174,5475,3975,'Stride Black Sneakers','PRD12461SG3K',1,'TRX52145'),(175,3475,1999,'Eclat Nude Lipstick','PRD12461SG3F',1,'TRX52145'),(176,5475,3975,'Stride Black Sneakers','PRD12461SG3B',1,'TRX52145'),(177,4475,4000,'Lush Red Lipstick','PRD12461SG3A',1,'TRX52145'),(178,4000,3400,'Verve Denim Jeans - Grey','PRD12461SG3J',1,'TRX52145'),(179,5475,3975,'Stride Black Sneakers','PRD12461SG3L',1,'TRX52145'),(180,2000,1500,'Opulent Blush Peach Blush Palette','PRD12461SG3H',1,'TRX52145'),(181,1254,1000,'Bliss Pink Blush Palette','PRD12461SG3C',1,'TRX52145'),(182,6513,5495,'Glow White Shirt','PRD12461SG3D',1,'TRX52145'),(183,5200,3500,'Mystique Striped Shirt','PRD12461SG3I',1,'TRX52145'),(184,3463,2050,'Nova Trends Slim Fit Jeans','PRD12461SG3E',1,'TRX52145'),(185,3500,2500,'Elite Footwear Classic White Sneakers','PRD12461SG3G',1,'TRX52145'),(186,5475,3975,'Stride Black Sneakers','PRD12461SG3L',1,'TRX42946'),(187,5200,3500,'Mystique Striped Shirt','PRD12461SG3I',1,'TRX42946'),(188,6513,5495,'Glow White Shirt','PRD12461SG3D',1,'TRX42946'),(189,5475,3975,'Stride Black Sneakers','PRD12461SG3K',1,'TRX42946'),(190,1254,1000,'Bliss Pink Blush Palette','PRD12461SG3C',1,'TRX42946'),(191,4000,3400,'Verve Denim Jeans - Grey','PRD12461SG3J',1,'TRX42946'),(192,3500,2500,'Elite Footwear Classic White Sneakers','PRD12461SG3G',1,'TRX42946'),(193,2000,1500,'Opulent Blush Peach Blush Palette','PRD12461SG3H',1,'TRX42946'),(194,3463,2050,'Nova Trends Slim Fit Jeans','PRD12461SG3E',1,'TRX42946'),(195,5475,3975,'Stride Black Sneakers','PRD12461SG3B',1,'TRX42946'),(196,4475,4000,'Lush Red Lipstick','PRD12461SG3A',1,'TRX42946'),(197,3475,1999,'Eclat Nude Lipstick','PRD12461SG3F',1,'TRX42946'),(198,5200,3500,'Mystique Striped Shirt','PRD12461SG3I',1,'TRX111956'),(199,6513,5495,'Glow White Shirt','PRD12461SG3D',1,'TRX111956'),(200,4475,4000,'Lush Red Lipstick','PRD12461SG3A',1,'TRX111956'),(201,3475,1999,'Eclat Nude Lipstick','PRD12461SG3F',1,'TRX111956'),(202,3463,2050,'Nova Trends Slim Fit Jeans','PRD12461SG3E',1,'TRX111956'),(203,3500,2500,'Elite Footwear Classic White Sneakers','PRD12461SG3G',1,'TRX111956'),(204,5475,3975,'Stride Black Sneakers','PRD12461SG3B',1,'TRX111956'),(205,4000,3400,'Verve Denim Jeans - Grey','PRD12461SG3J',1,'TRX111956'),(206,2000,1500,'Opulent Blush Peach Blush Palette','PRD12461SG3H',1,'TRX111956'),(207,1254,1000,'Bliss Pink Blush Palette','PRD12461SG3C',1,'TRX111956'),(208,10,10,'KPMG Retail Carry Bag (Medium)',NULL,3,'TRX111956'),(209,5200,3500,'Mystique Striped Shirt','PRD12461SG3I',1,'TRX728006'),(210,3500,2500,'Elite Footwear Classic White Sneakers','PRD12461SG3G',1,'TRX728006'),(211,4475,4000,'Lush Red Lipstick','PRD12461SG3A',1,'TRX728006'),(212,5475,3975,'Stride Black Sneakers','PRD12461SG3B',1,'TRX728006'),(213,4000,3400,'Verve Denim Jeans - Grey','PRD12461SG3J',1,'TRX728006'),(214,3475,1999,'Eclat Nude Lipstick','PRD12461SG3F',1,'TRX728006'),(215,2000,1500,'Opulent Blush Peach Blush Palette','PRD12461SG3H',1,'TRX728006'),(216,3463,2050,'Nova Trends Slim Fit Jeans','PRD12461SG3E',1,'TRX728006'),(217,6513,5495,'Glow White Shirt','PRD12461SG3D',1,'TRX728006'),(218,1254,1000,'Bliss Pink Blush Palette','PRD12461SG3C',1,'TRX728006'),(219,6513,5495,'Glow White Shirt','PRD12461SG3D',1,'TRX789711'),(220,3500,2500,'Elite Footwear Classic White Sneakers','PRD12461SG3G',1,'TRX789711'),(221,5200,3500,'Mystique Striped Shirt','PRD12461SG3I',1,'TRX789711'),(222,3475,1999,'Eclat Nude Lipstick','PRD12461SG3F',1,'TRX789711'),(223,4475,4000,'Lush Red Lipstick','PRD12461SG3A',1,'TRX789711'),(224,5475,3975,'Stride Black Sneakers','PRD12461SG3B',1,'TRX789711'),(225,1254,1000,'Bliss Pink Blush Palette','PRD12461SG3C',1,'TRX789711'),(226,3463,2050,'Nova Trends Slim Fit Jeans','PRD12461SG3E',1,'TRX789711'),(227,4000,3400,'Verve Denim Jeans - Grey','PRD12461SG3J',1,'TRX789711'),(228,2000,1500,'Opulent Blush Peach Blush Palette','PRD12461SG3H',1,'TRX789711'),(229,3475,1999,'Eclat Nude Lipstick','PRD12461SG3F',1,'TRX155881'),(230,4000,3400,'Verve Denim Jeans - Grey','PRD12461SG3J',1,'TRX155881'),(231,2000,1500,'Opulent Blush Peach Blush Palette','PRD12461SG3H',1,'TRX155881'),(232,3500,2500,'Elite Footwear Classic White Sneakers','PRD12461SG3G',1,'TRX155881'),(233,5200,3500,'Mystique Striped Shirt','PRD12461SG3I',1,'TRX155881'),(234,4475,4000,'Lush Red Lipstick','PRD12461SG3A',1,'TRX155881'),(235,3463,2050,'Nova Trends Slim Fit Jeans','PRD12461SG3E',1,'TRX155881'),(236,6513,5495,'Glow White Shirt','PRD12461SG3D',1,'TRX155881'),(237,1254,1000,'Bliss Pink Blush Palette','PRD12461SG3C',1,'TRX155881'),(238,4700,4300,'Stride Black Sneakers','PRD12461SG3B',1,'TRX155881'),(239,10,10,'KPMG Retail Carry Bag (Medium)',NULL,3,'TRX155881'),(240,15,15,'KPMG Retail Carry Bag (Large)',NULL,1,'TRX155881'),(241,2000,1500,'Opulent Blush Peach Blush Palette','PRD12461SG3H',1,'TRX255163'),(242,4000,3400,'Verve Denim Jeans - Grey','PRD12461SG3J',1,'TRX255163'),(243,1254,1000,'Bliss Pink Blush Palette','PRD12461SG3C',1,'TRX255163'),(244,3475,1999,'Eclat Nude Lipstick','PRD12461SG3F',1,'TRX255163'),(245,3463,2050,'Nova Trends Slim Fit Jeans','PRD12461SG3E',1,'TRX255163'),(246,4475,4000,'Lush Red Lipstick','PRD12461SG3A',1,'TRX255163'),(247,6513,5495,'Glow White Shirt','PRD12461SG3D',1,'TRX255163'),(248,5200,3500,'Mystique Striped Shirt','PRD12461SG3I',1,'TRX255163'),(249,3500,2500,'Elite Footwear Classic White Sneakers','PRD12461SG3G',1,'TRX255163'),(250,4700,4300,'Stride Black Sneakers','PRD12461SG3B',1,'TRX255163'),(251,15,15,'KPMG Retail Carry Bag (Large)',NULL,1,'TRX255163'),(252,3463,2050,'Nova Trends Slim Fit Jeans','PRD12461SG3E',1,'TRX799710'),(253,2000,1500,'Opulent Blush Peach Blush Palette','PRD12461SG3H',1,'TRX799710'),(254,6513,5495,'Glow White Shirt','PRD12461SG3D',1,'TRX799710'),(255,4000,3400,'Verve Denim Jeans - Grey','PRD12461SG3J',1,'TRX799710'),(256,3500,2500,'Elite Footwear Classic White Sneakers','PRD12461SG3G',1,'TRX799710'),(257,3475,1999,'Eclat Nude Lipstick','PRD12461SG3F',1,'TRX799710'),(258,5200,3500,'Mystique Striped Shirt','PRD12461SG3I',1,'TRX799710'),(259,1254,1000,'Bliss Pink Blush Palette','PRD12461SG3C',1,'TRX799710'),(260,4475,4000,'Lush Red Lipstick','PRD12461SG3A',1,'TRX799710'),(261,4700,4200,'Stride Black Sneakers','PRD12461SG3B',1,'TRX799710'),(262,10,10,'KPMG Retail Carry Bag (Medium)',NULL,3,'TRX799710'),(263,3463,2050,'Nova Trends Slim Fit Jeans','PRD12461SG3E',1,'TRX502800'),(264,3463,2050,'Nova Trends Slim Fit Jeans','PRD12461SG3E',1,'TRX935611'),(265,2000,1500,'Opulent Blush Peach Blush Palette','PRD12461SG3H',1,'TRX502800'),(266,6513,5495,'Glow White Shirt','PRD12461SG3D',1,'TRX502800'),(267,4000,3400,'Verve Denim Jeans - Grey','PRD12461SG3J',1,'TRX502800'),(268,3500,2500,'Elite Footwear Classic White Sneakers','PRD12461SG3G',1,'TRX502800'),(269,3475,1999,'Eclat Nude Lipstick','PRD12461SG3F',1,'TRX502800'),(270,5200,3500,'Mystique Striped Shirt','PRD12461SG3I',1,'TRX502800'),(271,1254,1000,'Bliss Pink Blush Palette','PRD12461SG3C',1,'TRX502800'),(272,4475,4000,'Lush Red Lipstick','PRD12461SG3A',1,'TRX502800'),(273,4700,4200,'Stride Black Sneakers','PRD12461SG3B',1,'TRX502800'),(274,10,10,'KPMG Retail Carry Bag (Medium)',NULL,3,'TRX502800'),(275,3463,2050,'Nova Trends Slim Fit Jeans','PRD12461SG3E',1,'TRX486787'),(276,3463,2050,'Nova Trends Slim Fit Jeans','PRD12461SG3E',1,'TRX338731'),(277,2000,1500,'Opulent Blush Peach Blush Palette','PRD12461SG3H',1,'TRX935611'),(278,2000,1500,'Opulent Blush Peach Blush Palette','PRD12461SG3H',1,'TRX486787'),(279,2000,1500,'Opulent Blush Peach Blush Palette','PRD12461SG3H',1,'TRX338731'),(280,6513,5495,'Glow White Shirt','PRD12461SG3D',1,'TRX935611'),(281,6513,5495,'Glow White Shirt','PRD12461SG3D',1,'TRX338731'),(282,6513,5495,'Glow White Shirt','PRD12461SG3D',1,'TRX486787'),(283,4000,3400,'Verve Denim Jeans - Grey','PRD12461SG3J',1,'TRX935611'),(284,4000,3400,'Verve Denim Jeans - Grey','PRD12461SG3J',1,'TRX338731'),(285,3500,2500,'Elite Footwear Classic White Sneakers','PRD12461SG3G',1,'TRX935611'),(286,4000,3400,'Verve Denim Jeans - Grey','PRD12461SG3J',1,'TRX486787'),(287,3500,2500,'Elite Footwear Classic White Sneakers','PRD12461SG3G',1,'TRX338731'),(288,3475,1999,'Eclat Nude Lipstick','PRD12461SG3F',1,'TRX935611'),(289,3475,1999,'Eclat Nude Lipstick','PRD12461SG3F',1,'TRX338731'),(290,5200,3500,'Mystique Striped Shirt','PRD12461SG3I',1,'TRX935611'),(291,5200,3500,'Mystique Striped Shirt','PRD12461SG3I',1,'TRX338731'),(292,1254,1000,'Bliss Pink Blush Palette','PRD12461SG3C',1,'TRX935611'),(293,1254,1000,'Bliss Pink Blush Palette','PRD12461SG3C',1,'TRX338731'),(294,4475,4000,'Lush Red Lipstick','PRD12461SG3A',1,'TRX935611'),(295,3500,2500,'Elite Footwear Classic White Sneakers','PRD12461SG3G',1,'TRX486787'),(296,4700,4200,'Stride Black Sneakers','PRD12461SG3B',1,'TRX935611'),(297,4475,4000,'Lush Red Lipstick','PRD12461SG3A',1,'TRX338731'),(298,10,10,'KPMG Retail Carry Bag (Medium)',NULL,3,'TRX935611'),(299,3475,1999,'Eclat Nude Lipstick','PRD12461SG3F',1,'TRX486787'),(300,4700,4200,'Stride Black Sneakers','PRD12461SG3B',1,'TRX338731'),(301,5200,3500,'Mystique Striped Shirt','PRD12461SG3I',1,'TRX486787'),(302,1254,1000,'Bliss Pink Blush Palette','PRD12461SG3C',1,'TRX486787'),(303,10,10,'KPMG Retail Carry Bag (Medium)',NULL,3,'TRX338731'),(304,4475,4000,'Lush Red Lipstick','PRD12461SG3A',1,'TRX486787'),(305,4700,4200,'Stride Black Sneakers','PRD12461SG3B',1,'TRX486787'),(306,10,10,'KPMG Retail Carry Bag (Medium)',NULL,3,'TRX486787'),(307,1254,1000,'Bliss Pink Blush Palette','PRD12461SG3C',1,'TRX637514'),(308,3475,1999,'Eclat Nude Lipstick','PRD12461SG3F',1,'TRX637514'),(309,6513,5495,'Glow White Shirt','PRD12461SG3D',1,'TRX637514'),(310,3463,2050,'Nova Trends Slim Fit Jeans','PRD12461SG3E',1,'TRX637514'),(311,4475,4000,'Lush Red Lipstick','PRD12461SG3A',1,'TRX637514'),(312,2000,1500,'Opulent Blush Peach Blush Palette','PRD12461SG3H',1,'TRX637514'),(313,5200,3500,'Mystique Striped Shirt','PRD12461SG3I',1,'TRX637514'),(314,4000,3400,'Verve Denim Jeans - Grey','PRD12461SG3J',1,'TRX637514'),(315,3500,2500,'Elite Footwear Classic White Sneakers','PRD12461SG3G',1,'TRX637514'),(316,4700,4200,'Stride Black Sneakers','PRD12461SG3B',1,'TRX637514'),(317,3475,1999,'Eclat Nude Lipstick','PRD12461SG3F',1,'TRX855185'),(318,5200,3500,'Mystique Striped Shirt','PRD12461SG3I',1,'TRX855185'),(319,2000,1500,'Opulent Blush Peach Blush Palette','PRD12461SG3H',1,'TRX855185'),(320,6513,5495,'Glow White Shirt','PRD12461SG3D',1,'TRX855185'),(321,1254,1000,'Bliss Pink Blush Palette','PRD12461SG3C',1,'TRX855185'),(322,4475,4000,'Lush Red Lipstick','PRD12461SG3A',1,'TRX855185'),(323,3500,2500,'Elite Footwear Classic White Sneakers','PRD12461SG3G',1,'TRX855185'),(324,4000,3400,'Verve Denim Jeans - Grey','PRD12461SG3J',1,'TRX855185'),(325,3463,2050,'Nova Trends Slim Fit Jeans','PRD12461SG3E',1,'TRX855185'),(326,4700,4200,'Stride Black Sneakers','PRD12461SG3B',1,'TRX855185'),(327,4000,3400,'Verve Denim Jeans - Grey','PRD12461SG3J',1,'TRX322825'),(328,3463,2050,'Nova Trends Slim Fit Jeans','PRD12461SG3E',1,'TRX322825'),(329,1254,1000,'Bliss Pink Blush Palette','PRD12461SG3C',1,'TRX322825'),(330,3500,2500,'Elite Footwear Classic White Sneakers','PRD12461SG3G',1,'TRX322825'),(331,5200,3500,'Mystique Striped Shirt','PRD12461SG3I',1,'TRX322825'),(332,3475,1999,'Eclat Nude Lipstick','PRD12461SG3F',1,'TRX322825'),(333,6513,5495,'Glow White Shirt','PRD12461SG3D',1,'TRX322825'),(334,4475,4000,'Lush Red Lipstick','PRD12461SG3A',1,'TRX322825'),(335,2000,1500,'Opulent Blush Peach Blush Palette','PRD12461SG3H',1,'TRX322825'),(336,4700,4200,'Stride Black Sneakers','PRD12461SG3B',1,'TRX322825'),(337,6513,5495,'Glow White Shirt','PRD12461SG3D',1,'TRX389081'),(338,1254,1000,'Bliss Pink Blush Palette','PRD12461SG3C',1,'TRX389081'),(339,3500,2500,'Elite Footwear Classic White Sneakers','PRD12461SG3G',1,'TRX389081'),(340,4475,4000,'Lush Red Lipstick','PRD12461SG3A',1,'TRX389081'),(341,2000,1500,'Opulent Blush Peach Blush Palette','PRD12461SG3H',1,'TRX389081'),(342,3463,2050,'Nova Trends Slim Fit Jeans','PRD12461SG3E',1,'TRX389081'),(343,3475,1999,'Eclat Nude Lipstick','PRD12461SG3F',1,'TRX389081'),(344,4000,3400,'Verve Denim Jeans - Grey','PRD12461SG3J',1,'TRX389081'),(345,5200,3500,'Mystique Striped Shirt','PRD12461SG3I',1,'TRX389081'),(346,4700,4200,'Stride Black Sneakers','PRD12461SG3B',1,'TRX389081'),(347,10,10,'KPMG Retail Carry Bag (Medium)',NULL,1,'TRX389081'),(348,2000,1500,'Opulent Blush Peach Blush Palette','PRD12461SG3H',1,'TRX946900'),(349,3500,2500,'Elite Footwear Classic White Sneakers','PRD12461SG3G',1,'TRX946900'),(350,3475,1999,'Eclat Nude Lipstick','PRD12461SG3F',1,'TRX946900'),(351,3463,2050,'Nova Trends Slim Fit Jeans','PRD12461SG3E',1,'TRX946900'),(352,6513,5495,'Glow White Shirt','PRD12461SG3D',1,'TRX946900'),(353,1254,1000,'Bliss Pink Blush Palette','PRD12461SG3C',1,'TRX946900'),(354,5200,3500,'Mystique Striped Shirt','PRD12461SG3I',1,'TRX946900'),(355,4000,3400,'Verve Denim Jeans - Grey','PRD12461SG3J',1,'TRX946900'),(356,4475,4000,'Lush Red Lipstick','PRD12461SG3A',1,'TRX946900'),(357,4700,4300,'Stride Black Sneakers','PRD12461SG3B',1,'TRX946900'),(358,3500,2500,'Elite Footwear Classic White Sneakers','PRD12461SG3G',1,'TRX155940'),(359,3463,2050,'Nova Trends Slim Fit Jeans','PRD12461SG3E',1,'TRX155940'),(360,4000,3400,'Verve Denim Jeans - Grey','PRD12461SG3J',1,'TRX155940'),(361,2000,1500,'Opulent Blush Peach Blush Palette','PRD12461SG3H',1,'TRX155940'),(362,3475,1999,'Eclat Nude Lipstick','PRD12461SG3F',1,'TRX155940'),(363,5200,3500,'Mystique Striped Shirt','PRD12461SG3I',1,'TRX155940'),(364,6513,5495,'Glow White Shirt','PRD12461SG3D',1,'TRX155940'),(365,1254,1000,'Bliss Pink Blush Palette','PRD12461SG3C',1,'TRX155940'),(366,4475,4000,'Lush Red Lipstick','PRD12461SG3A',1,'TRX155940'),(367,4700,4200,'Stride Black Sneakers','PRD12461SG3B',1,'TRX155940'),(368,15,15,'KPMG Retail Carry Bag (Large)',NULL,3,'TRX155940'),(369,3463,2050,'Nova Trends Slim Fit Jeans','PRD12461SG3E',1,'TRX479898'),(370,2000,1500,'Opulent Blush Peach Blush Palette','PRD12461SG3H',1,'TRX479898'),(371,4000,3400,'Verve Denim Jeans - Grey','PRD12461SG3J',1,'TRX479898'),(372,5200,3500,'Mystique Striped Shirt','PRD12461SG3I',1,'TRX479898'),(373,1254,1000,'Bliss Pink Blush Palette','PRD12461SG3C',1,'TRX479898'),(374,4475,4000,'Lush Red Lipstick','PRD12461SG3A',1,'TRX479898'),(375,3475,1999,'Eclat Nude Lipstick','PRD12461SG3F',1,'TRX479898'),(376,6513,5495,'Glow White Shirt','PRD12461SG3D',1,'TRX479898'),(377,3500,2500,'Elite Footwear Classic White Sneakers','PRD12461SG3G',1,'TRX479898'),(378,4700,4200,'Stride Black Sneakers','PRD12461SG3B',1,'TRX479898'),(379,10,10,'KPMG Retail Carry Bag (Medium)',NULL,3,'TRX479898'),(380,15,15,'KPMG Retail Carry Bag (Large)',NULL,2,'TRX479898'),(381,5,5,'KPMG Retail Carry Bag (Small)',NULL,1,'TRX479898'),(382,3463,2050,'Nova Trends Slim Fit Jeans','PRD12461SG3E',1,'TRX615064'),(383,6513,5495,'Glow White Shirt','PRD12461SG3D',1,'TRX615064'),(384,1254,1000,'Bliss Pink Blush Palette','PRD12461SG3C',1,'TRX615064'),(385,4000,3400,'Verve Denim Jeans - Grey','PRD12461SG3J',1,'TRX615064'),(386,3475,1999,'Eclat Nude Lipstick','PRD12461SG3F',1,'TRX615064'),(387,4475,4000,'Lush Red Lipstick','PRD12461SG3A',1,'TRX615064'),(388,3500,2500,'Elite Footwear Classic White Sneakers','PRD12461SG3G',1,'TRX615064'),(389,5200,3500,'Mystique Striped Shirt','PRD12461SG3I',1,'TRX615064'),(390,2000,1500,'Opulent Blush Peach Blush Palette','PRD12461SG3H',1,'TRX615064'),(391,3500,2500,'Elite Footwear Classic White Sneakers','PRD12461SG3G',1,'TRX319185'),(392,5200,3500,'Mystique Striped Shirt','PRD12461SG3I',1,'TRX319185'),(393,4000,3400,'Verve Denim Jeans - Grey','PRD12461SG3J',1,'TRX319185'),(394,3463,2050,'Nova Trends Slim Fit Jeans','PRD12461SG3E',1,'TRX319185'),(395,6513,5495,'Glow White Shirt','PRD12461SG3D',1,'TRX319185'),(396,10,10,'KPMG Retail Carry Bag (Medium)',NULL,3,'TRX319185'),(397,5,5,'KPMG Retail Carry Bag (Small)',NULL,1,'TRX319185'),(398,15,15,'KPMG Retail Carry Bag (Large)',NULL,5,'TRX319185'),(399,2000,1500,'Opulent Blush Peach Blush Palette','PRD12461SG3H',1,'TRX597002'),(400,4475,4000,'Lush Red Lipstick','PRD12461SG3A',1,'TRX597002'),(401,6513,5495,'Glow White Shirt','PRD12461SG3D',1,'TRX597002'),(402,1254,1000,'Bliss Pink Blush Palette','PRD12461SG3C',1,'TRX597002'),(403,4000,3400,'Verve Denim Jeans - Grey','PRD12461SG3J',1,'TRX597002'),(404,3463,2050,'Nova Trends Slim Fit Jeans','PRD12461SG3E',1,'TRX597002'),(405,3475,1999,'Eclat Nude Lipstick','PRD12461SG3F',1,'TRX597002'),(406,5200,3500,'Mystique Striped Shirt','PRD12461SG3I',1,'TRX597002'),(407,3500,2500,'Elite Footwear Classic White Sneakers','PRD12461SG3G',1,'TRX597002'),(408,5200,3500,'Mystique Striped Shirt','PRD12461SG3I',1,'TRX41520'),(409,2000,1500,'Opulent Blush Peach Blush Palette','PRD12461SG3H',1,'TRX41520'),(410,3463,2050,'Nova Trends Slim Fit Jeans','PRD12461SG3E',1,'TRX41520'),(411,4475,4000,'Lush Red Lipstick','PRD12461SG3A',1,'TRX41520'),(412,3475,1999,'Eclat Nude Lipstick','PRD12461SG3F',1,'TRX41520'),(413,6513,5495,'Glow White Shirt','PRD12461SG3D',1,'TRX41520'),(414,1254,1000,'Bliss Pink Blush Palette','PRD12461SG3C',1,'TRX41520'),(415,3500,2500,'Elite Footwear Classic White Sneakers','PRD12461SG3G',1,'TRX41520'),(416,4000,3400,'Verve Denim Jeans - Grey','PRD12461SG3J',1,'TRX41520'),(417,3475,1999,'Eclat Nude Lipstick','PRD12461SG3F',1,'TRX839867'),(418,3463,2050,'Nova Trends Slim Fit Jeans','PRD12461SG3E',1,'TRX839867'),(419,4000,3400,'Verve Denim Jeans - Grey','PRD12461SG3J',1,'TRX839867'),(420,6513,5495,'Glow White Shirt','PRD12461SG3D',1,'TRX839867'),(421,1254,1000,'Bliss Pink Blush Palette','PRD12461SG3C',1,'TRX839867'),(422,3500,2500,'Elite Footwear Classic White Sneakers','PRD12461SG3G',1,'TRX839867'),(423,4475,4000,'Lush Red Lipstick','PRD12461SG3A',1,'TRX839867'),(424,2000,1500,'Opulent Blush Peach Blush Palette','PRD12461SG3H',1,'TRX839867'),(425,5200,3500,'Mystique Striped Shirt','PRD12461SG3I',1,'TRX839867'),(426,4475,4000,'Lush Red Lipstick','PRD12461SG3A',1,'TRX299404'),(427,4000,3400,'Verve Denim Jeans - Grey','PRD12461SG3J',1,'TRX299404'),(428,3475,1999,'Eclat Nude Lipstick','PRD12461SG3F',1,'TRX299404'),(429,2000,1500,'Opulent Blush Peach Blush Palette','PRD12461SG3H',1,'TRX299404'),(430,3500,2500,'Elite Footwear Classic White Sneakers','PRD12461SG3G',1,'TRX299404'),(431,3463,2050,'Nova Trends Slim Fit Jeans','PRD12461SG3E',1,'TRX299404'),(432,1254,1000,'Bliss Pink Blush Palette','PRD12461SG3C',1,'TRX299404'),(433,5200,3500,'Mystique Striped Shirt','PRD12461SG3I',1,'TRX299404'),(434,6513,5495,'Glow White Shirt','PRD12461SG3D',1,'TRX299404'),(435,3500,2500,'Elite Footwear Classic White Sneakers','PRD12461SG3G',1,'TRX949632'),(436,4000,3400,'Verve Denim Jeans - Grey','PRD12461SG3J',1,'TRX949632'),(437,5200,3500,'Mystique Striped Shirt','PRD12461SG3I',1,'TRX949632'),(438,2000,1500,'Opulent Blush Peach Blush Palette','PRD12461SG3H',1,'TRX949632'),(439,3463,2050,'Nova Trends Slim Fit Jeans','PRD12461SG3E',1,'TRX949632'),(440,4475,4000,'Lush Red Lipstick','PRD12461SG3A',1,'TRX949632'),(441,1254,1000,'Bliss Pink Blush Palette','PRD12461SG3C',1,'TRX949632'),(442,6513,5495,'Glow White Shirt','PRD12461SG3D',1,'TRX949632'),(443,3475,1999,'Eclat Nude Lipstick','PRD12461SG3F',1,'TRX949632'),(444,1254,1000,'Bliss Pink Blush Palette','PRD12461SG3C',1,'TRX678304'),(445,4475,4000,'Lush Red Lipstick','PRD12461SG3A',1,'TRX678304'),(446,6513,5495,'Glow White Shirt','PRD12461SG3D',1,'TRX678304'),(447,4000,3400,'Verve Denim Jeans - Grey','PRD12461SG3J',1,'TRX678304'),(448,3463,2050,'Nova Trends Slim Fit Jeans','PRD12461SG3E',1,'TRX678304'),(449,3500,2500,'Elite Footwear Classic White Sneakers','PRD12461SG3G',1,'TRX678304'),(450,2000,1500,'Opulent Blush Peach Blush Palette','PRD12461SG3H',1,'TRX678304'),(451,3475,1999,'Eclat Nude Lipstick','PRD12461SG3F',1,'TRX678304'),(452,5200,3500,'Mystique Striped Shirt','PRD12461SG3I',1,'TRX678304'),(453,3475,1999,'Eclat Nude Lipstick','PRD12461SG3F',1,'TRX703696'),(454,4000,3400,'Verve Denim Jeans - Grey','PRD12461SG3J',1,'TRX703696'),(455,3463,2050,'Nova Trends Slim Fit Jeans','PRD12461SG3E',1,'TRX703696'),(456,3500,2500,'Elite Footwear Classic White Sneakers','PRD12461SG3G',1,'TRX703696'),(457,6513,5495,'Glow White Shirt','PRD12461SG3D',1,'TRX703696'),(458,1254,1000,'Bliss Pink Blush Palette','PRD12461SG3C',1,'TRX703696'),(459,4475,4000,'Lush Red Lipstick','PRD12461SG3A',1,'TRX703696'),(460,2000,1500,'Opulent Blush Peach Blush Palette','PRD12461SG3H',1,'TRX703696'),(461,5200,3500,'Mystique Striped Shirt','PRD12461SG3I',1,'TRX703696'),(462,4700,4300,'Stride Black Sneakers','PRD12461SG3B',1,'TRX703696'),(463,15,15,'KPMG Retail Carry Bag (Large)',NULL,1,'TRX703696'),(464,5200,3500,'Mystique Striped Shirt','PRD12461SG3I',1,'TRX775130'),(465,4000,3400,'Verve Denim Jeans - Grey','PRD12461SG3J',1,'TRX775130'),(466,3463,2050,'Nova Trends Slim Fit Jeans','PRD12461SG3E',1,'TRX775130'),(467,3500,2500,'Elite Footwear Classic White Sneakers','PRD12461SG3G',1,'TRX775130'),(468,4475,4000,'Lush Red Lipstick','PRD12461SG3A',1,'TRX775130'),(469,6513,5495,'Glow White Shirt','PRD12461SG3D',1,'TRX775130'),(470,3475,1999,'Eclat Nude Lipstick','PRD12461SG3F',1,'TRX775130'),(471,2000,1500,'Opulent Blush Peach Blush Palette','PRD12461SG3H',1,'TRX775130'),(472,4700,4300,'Stride Black Sneakers','PRD12461SG3B',1,'TRX775130'),(473,15,15,'KPMG Retail Carry Bag (Large)',NULL,2,'TRX775130'),(474,10,10,'KPMG Retail Carry Bag (Medium)',NULL,1,'TRX775130'),(475,5,5,'KPMG Retail Carry Bag (Small)',NULL,4,'TRX775130'),(476,3500,2500,'Elite Footwear Classic White Sneakers','PRD12461SG3G',1,'TRX479793'),(477,2000,1500,'Opulent Blush Peach Blush Palette','PRD12461SG3H',1,'TRX479793'),(478,1254,1000,'Bliss Pink Blush Palette','PRD12461SG3C',1,'TRX479793'),(479,3463,2050,'Nova Trends Slim Fit Jeans','PRD12461SG3E',1,'TRX479793'),(480,6513,5495,'Glow White Shirt','PRD12461SG3D',1,'TRX479793'),(481,4000,3400,'Verve Denim Jeans - Grey','PRD12461SG3J',1,'TRX479793'),(482,5200,3500,'Mystique Striped Shirt','PRD12461SG3I',1,'TRX479793'),(483,4475,4000,'Lush Red Lipstick','PRD12461SG3A',1,'TRX479793'),(484,3475,1999,'Eclat Nude Lipstick','PRD12461SG3F',1,'TRX479793'),(485,3463,2050,'Nova Trends Slim Fit Jeans','PRD12461SG3E',1,'TRX212505'),(486,4000,3400,'Verve Denim Jeans - Grey','PRD12461SG3J',1,'TRX212505'),(487,6513,5495,'Glow White Shirt','PRD12461SG3D',1,'TRX212505'),(488,1254,1000,'Bliss Pink Blush Palette','PRD12461SG3C',1,'TRX212505'),(489,5200,3500,'Mystique Striped Shirt','PRD12461SG3I',1,'TRX212505'),(490,3475,1999,'Eclat Nude Lipstick','PRD12461SG3F',1,'TRX212505'),(491,4475,4000,'Lush Red Lipstick','PRD12461SG3A',1,'TRX212505'),(492,3500,2500,'Elite Footwear Classic White Sneakers','PRD12461SG3G',1,'TRX212505'),(493,2000,1500,'Opulent Blush Peach Blush Palette','PRD12461SG3H',1,'TRX212505'),(494,15,15,'KPMG Retail Carry Bag (Large)',NULL,2,'TRX212505'),(495,3475,1999,'Eclat Nude Lipstick','PRD12461SG3F',1,'TRX68646'),(496,4475,4000,'Lush Red Lipstick','PRD12461SG3A',1,'TRX68646'),(497,1254,1000,'Bliss Pink Blush Palette','PRD12461SG3C',1,'TRX68646'),(498,6513,5495,'Glow White Shirt','PRD12461SG3D',1,'TRX68646'),(499,3463,2050,'Nova Trends Slim Fit Jeans','PRD12461SG3E',1,'TRX68646'),(500,2000,1500,'Opulent Blush Peach Blush Palette','PRD12461SG3H',1,'TRX68646'),(501,3500,2500,'Elite Footwear Classic White Sneakers','PRD12461SG3G',1,'TRX68646'),(502,5200,3500,'Mystique Striped Shirt','PRD12461SG3I',1,'TRX68646'),(503,4000,3400,'Verve Denim Jeans - Grey','PRD12461SG3J',1,'TRX68646'),(504,15,15,'KPMG Retail Carry Bag (Large)',NULL,4,'TRX68646'),(505,3475,1999,'Eclat Nude Lipstick','PRD12461SG3F',1,'TRX101162'),(506,2000,1500,'Opulent Blush Peach Blush Palette','PRD12461SG3H',1,'TRX101162'),(507,3463,2050,'Nova Trends Slim Fit Jeans','PRD12461SG3E',1,'TRX101162'),(508,4000,3400,'Verve Denim Jeans - Grey','PRD12461SG3J',1,'TRX101162'),(509,6513,5495,'Glow White Shirt','PRD12461SG3D',1,'TRX101162'),(510,1254,1000,'Bliss Pink Blush Palette','PRD12461SG3C',1,'TRX101162'),(511,4475,4000,'Lush Red Lipstick','PRD12461SG3A',1,'TRX101162'),(512,3500,2500,'Elite Footwear Classic White Sneakers','PRD12461SG3G',1,'TRX101162'),(513,5200,3500,'Mystique Striped Shirt','PRD12461SG3I',1,'TRX101162'),(514,15,15,'KPMG Retail Carry Bag (Large)',NULL,1,'TRX101162'),(515,10,10,'KPMG Retail Carry Bag (Medium)',NULL,3,'TRX101162'),(516,5,5,'KPMG Retail Carry Bag (Small)',NULL,3,'TRX101162'),(517,3463,2050,'Nova Trends Slim Fit Jeans','PRD12461SG3E',1,'TRX229483'),(518,1254,1000,'Bliss Pink Blush Palette','PRD12461SG3C',1,'TRX229483'),(519,5200,3500,'Mystique Striped Shirt','PRD12461SG3I',1,'TRX229483'),(520,3475,1999,'Eclat Nude Lipstick','PRD12461SG3F',1,'TRX229483'),(521,4000,3400,'Verve Denim Jeans - Grey','PRD12461SG3J',1,'TRX229483'),(522,4475,4000,'Lush Red Lipstick','PRD12461SG3A',1,'TRX229483'),(523,6513,5495,'Glow White Shirt','PRD12461SG3D',1,'TRX229483'),(524,2000,1500,'Opulent Blush Peach Blush Palette','PRD12461SG3H',1,'TRX229483'),(525,3500,2500,'Elite Footwear Classic White Sneakers','PRD12461SG3G',1,'TRX229483'),(526,3463,2050,'Nova Trends Slim Fit Jeans','PRD12461SG3E',1,'TRX690995'),(527,5200,3500,'Mystique Striped Shirt','PRD12461SG3I',1,'TRX690995'),(528,3475,1999,'Eclat Nude Lipstick','PRD12461SG3F',1,'TRX690995'),(529,4475,4000,'Lush Red Lipstick','PRD12461SG3A',1,'TRX690995'),(530,4000,3400,'Verve Denim Jeans - Grey','PRD12461SG3J',1,'TRX690995'),(531,3500,2500,'Elite Footwear Classic White Sneakers','PRD12461SG3G',1,'TRX690995'),(532,6513,5495,'Glow White Shirt','PRD12461SG3D',1,'TRX690995'),(533,2000,1500,'Opulent Blush Peach Blush Palette','PRD12461SG3H',1,'TRX690995'),(534,1254,1000,'Bliss Pink Blush Palette','PRD12461SG3C',1,'TRX690995'),(535,3500,2500,'Elite Footwear Classic White Sneakers','PRD12461SG3G',1,'TRX179236'),(536,1254,1000,'Bliss Pink Blush Palette','PRD12461SG3C',1,'TRX179236'),(537,3463,2050,'Nova Trends Slim Fit Jeans','PRD12461SG3E',1,'TRX179236'),(538,3475,1999,'Eclat Nude Lipstick','PRD12461SG3F',1,'TRX179236'),(539,2000,1500,'Opulent Blush Peach Blush Palette','PRD12461SG3H',1,'TRX179236'),(540,4000,3400,'Verve Denim Jeans - Grey','PRD12461SG3J',1,'TRX179236'),(541,6513,5495,'Glow White Shirt','PRD12461SG3D',1,'TRX179236'),(542,4475,4000,'Lush Red Lipstick','PRD12461SG3A',1,'TRX179236'),(543,5200,3500,'Mystique Striped Shirt','PRD12461SG3I',1,'TRX179236'),(544,3500,2500,'Elite Footwear Classic White Sneakers','PRD12461SG3G',1,'TRX978043'),(545,5200,3500,'Mystique Striped Shirt','PRD12461SG3I',1,'TRX978043'),(546,2000,1500,'Opulent Blush Peach Blush Palette','PRD12461SG3H',1,'TRX978043'),(547,6513,5495,'Glow White Shirt','PRD12461SG3D',1,'TRX978043'),(548,4000,3400,'Verve Denim Jeans - Grey','PRD12461SG3J',1,'TRX978043'),(549,1254,1000,'Bliss Pink Blush Palette','PRD12461SG3C',1,'TRX978043'),(550,3463,2050,'Nova Trends Slim Fit Jeans','PRD12461SG3E',1,'TRX978043'),(551,4475,4000,'Lush Red Lipstick','PRD12461SG3A',1,'TRX978043'),(552,3475,1999,'Eclat Nude Lipstick','PRD12461SG3F',1,'TRX978043'),(553,3500,2500,'Elite Footwear Classic White Sneakers','PRD12461SG3G',1,'TRX316729'),(554,5200,3500,'Mystique Striped Shirt','PRD12461SG3I',1,'TRX316729'),(555,2000,1500,'Opulent Blush Peach Blush Palette','PRD12461SG3H',1,'TRX316729'),(556,4000,3400,'Verve Denim Jeans - Grey','PRD12461SG3J',1,'TRX316729'),(557,1254,1000,'Bliss Pink Blush Palette','PRD12461SG3C',1,'TRX316729'),(558,3463,2050,'Nova Trends Slim Fit Jeans','PRD12461SG3E',1,'TRX316729'),(559,4475,4000,'Lush Red Lipstick','PRD12461SG3A',1,'TRX316729'),(560,3475,1999,'Eclat Nude Lipstick','PRD12461SG3F',1,'TRX316729'),(561,10,10,'KPMG Retail Carry Bag (Medium)',NULL,1,'TRX316729'),(562,5,5,'KPMG Retail Carry Bag (Small)',NULL,1,'TRX316729'),(563,3500,2500,'Elite Footwear Classic White Sneakers','PRD12461SG3G',1,'TRX760496'),(564,5200,3500,'Mystique Striped Shirt','PRD12461SG3I',1,'TRX760496'),(565,2000,1500,'Opulent Blush Peach Blush Palette','PRD12461SG3H',1,'TRX760496'),(566,4000,3400,'Verve Denim Jeans - Grey','PRD12461SG3J',1,'TRX760496'),(567,1254,1000,'Bliss Pink Blush Palette','PRD12461SG3C',1,'TRX760496'),(568,3463,2050,'Nova Trends Slim Fit Jeans','PRD12461SG3E',1,'TRX760496'),(569,4475,4000,'Lush Red Lipstick','PRD12461SG3A',1,'TRX760496'),(570,3475,1999,'Eclat Nude Lipstick','PRD12461SG3F',1,'TRX760496'),(571,10,10,'KPMG Retail Carry Bag (Medium)',NULL,1,'TRX760496'),(572,5,5,'KPMG Retail Carry Bag (Small)',NULL,1,'TRX760496'),(573,3463,2050,'Nova Trends Slim Fit Jeans','PRD12461SG3E',1,'TRX834977'),(574,6513,5495,'Glow White Shirt','PRD12461SG3D',1,'TRX834977'),(575,4000,3400,'Verve Denim Jeans - Grey','PRD12461SG3J',1,'TRX834977'),(576,3500,2500,'Elite Footwear Classic White Sneakers','PRD12461SG3G',1,'TRX834977'),(577,1254,1000,'Bliss Pink Blush Palette','PRD12461SG3C',1,'TRX834977'),(578,5200,3500,'Mystique Striped Shirt','PRD12461SG3I',1,'TRX834977'),(579,4475,4000,'Lush Red Lipstick','PRD12461SG3A',1,'TRX834977'),(580,3475,1999,'Eclat Nude Lipstick','PRD12461SG3F',1,'TRX834977'),(581,2000,1500,'Opulent Blush Peach Blush Palette','PRD12461SG3H',1,'TRX834977'),(582,2000,1500,'Opulent Blush Peach Blush Palette','PRD12461SG3H',1,'TRX473197'),(583,4475,4000,'Lush Red Lipstick','PRD12461SG3A',1,'TRX473197'),(584,1254,1000,'Bliss Pink Blush Palette','PRD12461SG3C',1,'TRX473197'),(585,3463,2050,'Nova Trends Slim Fit Jeans','PRD12461SG3E',1,'TRX473197'),(586,3475,1999,'Eclat Nude Lipstick','PRD12461SG3F',1,'TRX473197'),(587,3500,2500,'Elite Footwear Classic White Sneakers','PRD12461SG3G',1,'TRX473197'),(588,6513,5495,'Glow White Shirt','PRD12461SG3D',1,'TRX473197'),(589,4000,3400,'Verve Denim Jeans - Grey','PRD12461SG3J',1,'TRX473197'),(590,5200,3500,'Mystique Striped Shirt','PRD12461SG3I',1,'TRX473197'),(591,15,15,'KPMG Retail Carry Bag (Large)',NULL,1,'TRX473197'),(592,6513,5495,'Glow White Shirt','PRD12461SG3D',1,'TRX68585'),(593,1254,1000,'Bliss Pink Blush Palette','PRD12461SG3C',1,'TRX68585'),(594,5200,3500,'Mystique Striped Shirt','PRD12461SG3I',1,'TRX68585'),(595,2000,1500,'Opulent Blush Peach Blush Palette','PRD12461SG3H',1,'TRX68585'),(596,4475,4000,'Lush Red Lipstick','PRD12461SG3A',1,'TRX68585'),(597,3463,2050,'Nova Trends Slim Fit Jeans','PRD12461SG3E',1,'TRX68585'),(598,3475,1999,'Eclat Nude Lipstick','PRD12461SG3F',1,'TRX68585'),(599,4000,3400,'Verve Denim Jeans - Grey','PRD12461SG3J',1,'TRX68585'),(600,3500,2500,'Elite Footwear Classic White Sneakers','PRD12461SG3G',1,'TRX68585'),(601,4000,3400,'Verve Denim Jeans - Grey','PRD12461SG3J',1,'TRX681387'),(602,4475,4000,'Lush Red Lipstick','PRD12461SG3A',1,'TRX681387'),(603,3475,1999,'Eclat Nude Lipstick','PRD12461SG3F',1,'TRX681387'),(604,2000,1500,'Opulent Blush Peach Blush Palette','PRD12461SG3H',1,'TRX681387'),(605,3500,2500,'Elite Footwear Classic White Sneakers','PRD12461SG3G',1,'TRX681387'),(606,3463,2050,'Nova Trends Slim Fit Jeans','PRD12461SG3E',1,'TRX681387'),(607,1254,1000,'Bliss Pink Blush Palette','PRD12461SG3C',1,'TRX681387'),(608,6513,5495,'Glow White Shirt','PRD12461SG3D',1,'TRX681387'),(609,5200,3500,'Mystique Striped Shirt','PRD12461SG3I',1,'TRX681387'),(610,4000,3400,'Verve Denim Jeans - Grey','PRD12461SG3J',1,'TRX662498'),(611,1254,1000,'Bliss Pink Blush Palette','PRD12461SG3C',1,'TRX662498'),(612,3463,2050,'Nova Trends Slim Fit Jeans','PRD12461SG3E',1,'TRX662498'),(613,5200,3500,'Mystique Striped Shirt','PRD12461SG3I',1,'TRX662498'),(614,3500,2500,'Elite Footwear Classic White Sneakers','PRD12461SG3G',1,'TRX662498'),(615,6513,5495,'Glow White Shirt','PRD12461SG3D',1,'TRX662498'),(616,4475,4000,'Lush Red Lipstick','PRD12461SG3A',1,'TRX662498'),(617,3475,1999,'Eclat Nude Lipstick','PRD12461SG3F',1,'TRX662498'),(618,2000,1500,'Opulent Blush Peach Blush Palette','PRD12461SG3H',1,'TRX662498'),(619,4475,4000,'Lush Red Lipstick','PRD12461SG3A',1,'TRX293752'),(620,1254,1000,'Bliss Pink Blush Palette','PRD12461SG3C',1,'TRX293752'),(621,6513,5495,'Glow White Shirt','PRD12461SG3D',1,'TRX293752'),(622,5200,3500,'Mystique Striped Shirt','PRD12461SG3I',1,'TRX293752'),(623,3463,2050,'Nova Trends Slim Fit Jeans','PRD12461SG3E',1,'TRX293752'),(624,2000,1500,'Opulent Blush Peach Blush Palette','PRD12461SG3H',1,'TRX293752'),(625,3475,1999,'Eclat Nude Lipstick','PRD12461SG3F',1,'TRX293752'),(626,4000,3400,'Verve Denim Jeans - Grey','PRD12461SG3J',1,'TRX293752'),(627,3500,2500,'Elite Footwear Classic White Sneakers','PRD12461SG3G',1,'TRX293752'),(628,4475,4000,'Lush Red Lipstick','PRD12461SG3A',1,'TRX64037'),(629,5200,3500,'Mystique Striped Shirt','PRD12461SG3I',1,'TRX64037'),(630,3500,2500,'Elite Footwear Classic White Sneakers','PRD12461SG3G',1,'TRX64037'),(631,1254,1000,'Bliss Pink Blush Palette','PRD12461SG3C',1,'TRX64037'),(632,6513,5495,'Glow White Shirt','PRD12461SG3D',1,'TRX64037'),(633,4000,3400,'Verve Denim Jeans - Grey','PRD12461SG3J',1,'TRX64037'),(634,3463,2050,'Nova Trends Slim Fit Jeans','PRD12461SG3E',1,'TRX64037'),(635,3475,1999,'Eclat Nude Lipstick','PRD12461SG3F',1,'TRX64037'),(636,2000,1500,'Opulent Blush Peach Blush Palette','PRD12461SG3H',1,'TRX64037'),(637,4475,4000,'Lush Red Lipstick','PRD12461SG3A',1,'TRX430780'),(638,5200,3500,'Mystique Striped Shirt','PRD12461SG3I',1,'TRX430780'),(639,3475,1999,'Eclat Nude Lipstick','PRD12461SG3F',1,'TRX430780'),(640,1254,1000,'Bliss Pink Blush Palette','PRD12461SG3C',1,'TRX430780'),(641,3500,2500,'Elite Footwear Classic White Sneakers','PRD12461SG3G',1,'TRX430780'),(642,6513,5495,'Glow White Shirt','PRD12461SG3D',1,'TRX430780'),(643,2000,1500,'Opulent Blush Peach Blush Palette','PRD12461SG3H',1,'TRX430780'),(644,3463,2050,'Nova Trends Slim Fit Jeans','PRD12461SG3E',1,'TRX430780'),(645,4000,3400,'Verve Denim Jeans - Grey','PRD12461SG3J',1,'TRX430780'),(646,4475,4000,'Lush Red Lipstick','PRD12461SG3A',1,'TRX966009'),(647,1254,1000,'Bliss Pink Blush Palette','PRD12461SG3C',1,'TRX966009'),(648,3500,2500,'Elite Footwear Classic White Sneakers','PRD12461SG3G',1,'TRX966009'),(649,6513,5495,'Glow White Shirt','PRD12461SG3D',1,'TRX966009'),(650,3463,2050,'Nova Trends Slim Fit Jeans','PRD12461SG3E',1,'TRX966009'),(651,3475,1999,'Eclat Nude Lipstick','PRD12461SG3F',1,'TRX966009'),(652,4000,3400,'Verve Denim Jeans - Grey','PRD12461SG3J',1,'TRX966009'),(653,5200,3500,'Mystique Striped Shirt','PRD12461SG3I',1,'TRX966009'),(654,2000,1500,'Opulent Blush Peach Blush Palette','PRD12461SG3H',1,'TRX966009'),(655,2000,1500,'Opulent Blush Peach Blush Palette','PRD12461SG3H',1,'TRX116255'),(656,4475,4000,'Lush Red Lipstick','PRD12461SG3A',1,'TRX116255'),(657,6513,5495,'Glow White Shirt','PRD12461SG3D',1,'TRX116255'),(658,3463,2050,'Nova Trends Slim Fit Jeans','PRD12461SG3E',1,'TRX116255'),(659,4000,3400,'Verve Denim Jeans - Grey','PRD12461SG3J',1,'TRX116255'),(660,5200,3500,'Mystique Striped Shirt','PRD12461SG3I',1,'TRX116255'),(661,3475,1999,'Eclat Nude Lipstick','PRD12461SG3F',1,'TRX116255'),(662,3500,2500,'Elite Footwear Classic White Sneakers','PRD12461SG3G',1,'TRX116255'),(663,1254,1000,'Bliss Pink Blush Palette','PRD12461SG3C',1,'TRX116255'),(664,2000,1500,'Opulent Blush Peach Blush Palette','PRD12461SG3H',1,'TRX294496'),(665,6513,5495,'Glow White Shirt','PRD12461SG3D',1,'TRX294496'),(666,3463,2050,'Nova Trends Slim Fit Jeans','PRD12461SG3E',1,'TRX294496'),(667,1254,1000,'Bliss Pink Blush Palette','PRD12461SG3C',1,'TRX294496'),(668,3475,1999,'Eclat Nude Lipstick','PRD12461SG3F',1,'TRX294496'),(669,3500,2500,'Elite Footwear Classic White Sneakers','PRD12461SG3G',1,'TRX294496'),(670,4475,4000,'Lush Red Lipstick','PRD12461SG3A',1,'TRX294496'),(671,4000,3400,'Verve Denim Jeans - Grey','PRD12461SG3J',1,'TRX294496'),(672,5200,3500,'Mystique Striped Shirt','PRD12461SG3I',1,'TRX294496'),(673,5200,3500,'Mystique Striped Shirt','PRD12461SG3I',1,'TRX899423'),(674,2000,1500,'Opulent Blush Peach Blush Palette','PRD12461SG3H',1,'TRX899423'),(675,3463,2050,'Nova Trends Slim Fit Jeans','PRD12461SG3E',1,'TRX899423'),(676,4000,3400,'Verve Denim Jeans - Grey','PRD12461SG3J',1,'TRX899423'),(677,1254,1000,'Bliss Pink Blush Palette','PRD12461SG3C',1,'TRX899423'),(678,4475,4000,'Lush Red Lipstick','PRD12461SG3A',1,'TRX899423'),(679,3475,1999,'Eclat Nude Lipstick','PRD12461SG3F',1,'TRX899423'),(680,3500,2500,'Elite Footwear Classic White Sneakers','PRD12461SG3G',1,'TRX899423'),(681,6513,5495,'Glow White Shirt','PRD12461SG3D',1,'TRX899423'),(682,4475,4000,'Lush Red Lipstick','PRD12461SG3A',1,'TRX601761'),(683,3463,2050,'Nova Trends Slim Fit Jeans','PRD12461SG3E',1,'TRX601761'),(684,5200,3500,'Mystique Striped Shirt','PRD12461SG3I',1,'TRX601761'),(685,2000,1500,'Opulent Blush Peach Blush Palette','PRD12461SG3H',1,'TRX601761'),(686,3500,2500,'Elite Footwear Classic White Sneakers','PRD12461SG3G',1,'TRX601761'),(687,1254,1000,'Bliss Pink Blush Palette','PRD12461SG3C',1,'TRX601761'),(688,4000,3400,'Verve Denim Jeans - Grey','PRD12461SG3J',1,'TRX601761'),(689,3475,1999,'Eclat Nude Lipstick','PRD12461SG3F',1,'TRX601761'),(690,6513,5495,'Glow White Shirt','PRD12461SG3D',1,'TRX601761'),(691,2000,1500,'Opulent Blush Peach Blush Palette','PRD12461SG3H',1,'TRX783184'),(692,3463,2050,'Nova Trends Slim Fit Jeans','PRD12461SG3E',1,'TRX783184'),(693,1254,1000,'Bliss Pink Blush Palette','PRD12461SG3C',1,'TRX783184'),(694,3475,1999,'Eclat Nude Lipstick','PRD12461SG3F',1,'TRX783184'),(695,4000,3400,'Verve Denim Jeans - Grey','PRD12461SG3J',1,'TRX783184'),(696,6513,5495,'Glow White Shirt','PRD12461SG3D',1,'TRX783184'),(697,4475,4000,'Lush Red Lipstick','PRD12461SG3A',1,'TRX783184'),(698,5200,3500,'Mystique Striped Shirt','PRD12461SG3I',1,'TRX783184'),(699,3500,2500,'Elite Footwear Classic White Sneakers','PRD12461SG3G',1,'TRX783184'),(700,2000,1500,'Opulent Blush Peach Blush Palette','PRD12461SG3H',1,'TRX515146'),(701,5200,3500,'Mystique Striped Shirt','PRD12461SG3I',1,'TRX515146'),(702,4475,4000,'Lush Red Lipstick','PRD12461SG3A',1,'TRX515146'),(703,1254,1000,'Bliss Pink Blush Palette','PRD12461SG3C',1,'TRX515146'),(704,4000,3400,'Verve Denim Jeans - Grey','PRD12461SG3J',1,'TRX515146'),(705,6513,5495,'Glow White Shirt','PRD12461SG3D',1,'TRX515146'),(706,3463,2050,'Nova Trends Slim Fit Jeans','PRD12461SG3E',1,'TRX515146'),(707,3475,1999,'Eclat Nude Lipstick','PRD12461SG3F',1,'TRX515146'),(708,3500,2500,'Elite Footwear Classic White Sneakers','PRD12461SG3G',1,'TRX515146'),(709,2000,1500,'Opulent Blush Peach Blush Palette','PRD12461SG3H',1,'TRX982378'),(710,5200,3500,'Mystique Striped Shirt','PRD12461SG3I',1,'TRX982378'),(711,4475,4000,'Lush Red Lipstick','PRD12461SG3A',1,'TRX982378'),(712,1254,1000,'Bliss Pink Blush Palette','PRD12461SG3C',1,'TRX982378'),(713,4000,3400,'Verve Denim Jeans - Grey','PRD12461SG3J',1,'TRX982378'),(714,3500,2500,'Elite Footwear Classic White Sneakers','PRD12461SG3G',1,'TRX982378'),(715,6513,5495,'Glow White Shirt','PRD12461SG3D',1,'TRX982378'),(716,3475,1999,'Eclat Nude Lipstick','PRD12461SG3F',1,'TRX982378'),(717,3463,2050,'Nova Trends Slim Fit Jeans','PRD12461SG3E',1,'TRX982378'),(718,3463,2050,'Nova Trends Slim Fit Jeans','PRD12461SG3E',1,'TRX504723'),(719,6513,5495,'Glow White Shirt','PRD12461SG3D',1,'TRX504723'),(720,1254,1000,'Bliss Pink Blush Palette','PRD12461SG3C',1,'TRX504723'),(721,5200,3500,'Mystique Striped Shirt','PRD12461SG3I',1,'TRX504723'),(722,3500,2500,'Elite Footwear Classic White Sneakers','PRD12461SG3G',1,'TRX504723'),(723,4000,3400,'Verve Denim Jeans - Grey','PRD12461SG3J',1,'TRX504723'),(724,3475,1999,'Eclat Nude Lipstick','PRD12461SG3F',1,'TRX504723'),(725,4475,4000,'Lush Red Lipstick','PRD12461SG3A',1,'TRX504723'),(726,2000,1500,'Opulent Blush Peach Blush Palette','PRD12461SG3H',1,'TRX504723'),(727,3463,2050,'Nova Trends Slim Fit Jeans','PRD12461SG3E',1,'TRX125383'),(728,5200,3500,'Mystique Striped Shirt','PRD12461SG3I',1,'TRX125383'),(729,3500,2500,'Elite Footwear Classic White Sneakers','PRD12461SG3G',1,'TRX125383'),(730,6513,5495,'Glow White Shirt','PRD12461SG3D',1,'TRX125383'),(731,3475,1999,'Eclat Nude Lipstick','PRD12461SG3F',1,'TRX125383'),(732,2000,1500,'Opulent Blush Peach Blush Palette','PRD12461SG3H',1,'TRX125383'),(733,4000,3400,'Verve Denim Jeans - Grey','PRD12461SG3J',1,'TRX125383'),(734,1254,1000,'Bliss Pink Blush Palette','PRD12461SG3C',1,'TRX125383'),(735,4475,4000,'Lush Red Lipstick','PRD12461SG3A',1,'TRX125383'),(736,1254,1000,'Bliss Pink Blush Palette','PRD12461SG3C',1,'TRX779854'),(737,4000,3400,'Verve Denim Jeans - Grey','PRD12461SG3J',1,'TRX779854'),(738,5200,3500,'Mystique Striped Shirt','PRD12461SG3I',1,'TRX779854'),(739,3463,2050,'Nova Trends Slim Fit Jeans','PRD12461SG3E',1,'TRX779854'),(740,6513,5495,'Glow White Shirt','PRD12461SG3D',1,'TRX779854'),(741,4475,4000,'Lush Red Lipstick','PRD12461SG3A',1,'TRX779854'),(742,3475,1999,'Eclat Nude Lipstick','PRD12461SG3F',1,'TRX779854'),(743,2000,1500,'Opulent Blush Peach Blush Palette','PRD12461SG3H',1,'TRX779854'),(744,3500,2500,'Elite Footwear Classic White Sneakers','PRD12461SG3G',1,'TRX779854'),(745,3463,2050,'Nova Trends Slim Fit Jeans','PRD12461SG3E',1,'TRX712515'),(746,2000,1500,'Opulent Blush Peach Blush Palette','PRD12461SG3H',1,'TRX712515'),(747,3500,2500,'Elite Footwear Classic White Sneakers','PRD12461SG3G',1,'TRX712515'),(748,1254,1000,'Bliss Pink Blush Palette','PRD12461SG3C',1,'TRX712515'),(749,6513,5495,'Glow White Shirt','PRD12461SG3D',1,'TRX712515'),(750,4475,4000,'Lush Red Lipstick','PRD12461SG3A',1,'TRX712515'),(751,4000,3400,'Verve Denim Jeans - Grey','PRD12461SG3J',1,'TRX712515'),(752,3475,1999,'Eclat Nude Lipstick','PRD12461SG3F',1,'TRX712515'),(753,5200,3500,'Mystique Striped Shirt','PRD12461SG3I',1,'TRX712515'),(754,6513,5495,'Glow White Shirt','PRD12461SG3D',1,'TRX876911'),(755,2000,1500,'Opulent Blush Peach Blush Palette','PRD12461SG3H',1,'TRX876911'),(756,5200,3500,'Mystique Striped Shirt','PRD12461SG3I',1,'TRX876911'),(757,3500,2500,'Elite Footwear Classic White Sneakers','PRD12461SG3G',1,'TRX876911'),(758,1254,1000,'Bliss Pink Blush Palette','PRD12461SG3C',1,'TRX876911'),(759,3475,1999,'Eclat Nude Lipstick','PRD12461SG3F',1,'TRX876911'),(760,3463,2050,'Nova Trends Slim Fit Jeans','PRD12461SG3E',1,'TRX876911'),(761,2000,1500,'Opulent Blush Peach Blush Palette','PRD12461SG3H',1,'TRX201929'),(762,3463,2050,'Nova Trends Slim Fit Jeans','PRD12461SG3E',1,'TRX201929'),(763,5200,3500,'Mystique Striped Shirt','PRD12461SG3I',1,'TRX201929'),(764,3475,1999,'Eclat Nude Lipstick','PRD12461SG3F',1,'TRX201929'),(765,4000,3400,'Verve Denim Jeans - Grey','PRD12461SG3J',1,'TRX201929'),(766,6513,5495,'Glow White Shirt','PRD12461SG3D',1,'TRX201929'),(767,4475,4000,'Lush Red Lipstick','PRD12461SG3A',1,'TRX201929'),(768,1254,1000,'Bliss Pink Blush Palette','PRD12461SG3C',1,'TRX201929'),(769,3500,2500,'Elite Footwear Classic White Sneakers','PRD12461SG3G',1,'TRX201929'),(770,4475,4000,'Lush Red Lipstick','PRD12461SG3A',1,'TRX802360'),(771,1254,1000,'Bliss Pink Blush Palette','PRD12461SG3C',1,'TRX802360'),(772,3475,1999,'Eclat Nude Lipstick','PRD12461SG3F',1,'TRX802360'),(773,3463,2050,'Nova Trends Slim Fit Jeans','PRD12461SG3E',1,'TRX802360'),(774,2000,1500,'Opulent Blush Peach Blush Palette','PRD12461SG3H',1,'TRX802360'),(775,4000,3400,'Verve Denim Jeans - Grey','PRD12461SG3J',1,'TRX802360'),(776,5200,3500,'Mystique Striped Shirt','PRD12461SG3I',1,'TRX802360'),(777,6513,5495,'Glow White Shirt','PRD12461SG3D',1,'TRX802360'),(778,3500,2500,'Elite Footwear Classic White Sneakers','PRD12461SG3G',1,'TRX802360'),(779,5200,3500,'Mystique Striped Shirt','PRD12461SG3I',1,'TRX454554'),(780,4000,3400,'Verve Denim Jeans - Grey','PRD12461SG3J',1,'TRX454554'),(781,3463,2050,'Nova Trends Slim Fit Jeans','PRD12461SG3E',1,'TRX454554'),(782,2000,1500,'Opulent Blush Peach Blush Palette','PRD12461SG3H',1,'TRX454554'),(783,6513,5495,'Glow White Shirt','PRD12461SG3D',1,'TRX454554'),(784,1254,1000,'Bliss Pink Blush Palette','PRD12461SG3C',1,'TRX454554'),(785,3475,1999,'Eclat Nude Lipstick','PRD12461SG3F',1,'TRX454554'),(786,4475,4000,'Lush Red Lipstick','PRD12461SG3A',1,'TRX454554'),(787,3500,2500,'Elite Footwear Classic White Sneakers','PRD12461SG3G',1,'TRX454554'),(788,15,15,'KPMG Retail Carry Bag (Large)',NULL,1,'TRX454554'),(789,5200,3500,'Mystique Striped Shirt','PRD12461SG3I',1,'TRX555675'),(790,4000,3400,'Verve Denim Jeans - Grey','PRD12461SG3J',1,'TRX555675'),(791,3463,2050,'Nova Trends Slim Fit Jeans','PRD12461SG3E',1,'TRX555675'),(792,2000,1500,'Opulent Blush Peach Blush Palette','PRD12461SG3H',1,'TRX555675'),(793,6513,5495,'Glow White Shirt','PRD12461SG3D',1,'TRX555675'),(794,1254,1000,'Bliss Pink Blush Palette','PRD12461SG3C',1,'TRX555675'),(795,3475,1999,'Eclat Nude Lipstick','PRD12461SG3F',1,'TRX555675'),(796,4475,4000,'Lush Red Lipstick','PRD12461SG3A',1,'TRX555675'),(797,3500,2500,'Elite Footwear Classic White Sneakers','PRD12461SG3G',1,'TRX555675'),(798,15,15,'KPMG Retail Carry Bag (Large)',NULL,1,'TRX555675'),(799,5200,3500,'Mystique Striped Shirt','PRD12461SG3I',1,'TRX659220'),(800,4000,3400,'Verve Denim Jeans - Grey','PRD12461SG3J',1,'TRX659220'),(801,3463,2050,'Nova Trends Slim Fit Jeans','PRD12461SG3E',1,'TRX659220'),(802,2000,1500,'Opulent Blush Peach Blush Palette','PRD12461SG3H',1,'TRX659220'),(803,6513,5495,'Glow White Shirt','PRD12461SG3D',1,'TRX659220'),(804,1254,1000,'Bliss Pink Blush Palette','PRD12461SG3C',1,'TRX659220'),(805,3475,1999,'Eclat Nude Lipstick','PRD12461SG3F',1,'TRX659220'),(806,4475,4000,'Lush Red Lipstick','PRD12461SG3A',1,'TRX659220'),(807,3500,2500,'Elite Footwear Classic White Sneakers','PRD12461SG3G',1,'TRX659220'),(808,15,15,'KPMG Retail Carry Bag (Large)',NULL,1,'TRX659220'),(809,5200,3500,'Mystique Striped Shirt','PRD12461SG3I',1,'TRX630325'),(810,4000,3400,'Verve Denim Jeans - Grey','PRD12461SG3J',1,'TRX630325'),(811,3463,2050,'Nova Trends Slim Fit Jeans','PRD12461SG3E',1,'TRX630325'),(812,2000,1500,'Opulent Blush Peach Blush Palette','PRD12461SG3H',1,'TRX630325'),(813,6513,5495,'Glow White Shirt','PRD12461SG3D',1,'TRX630325'),(814,1254,1000,'Bliss Pink Blush Palette','PRD12461SG3C',1,'TRX630325'),(815,3475,1999,'Eclat Nude Lipstick','PRD12461SG3F',1,'TRX630325'),(816,4475,4000,'Lush Red Lipstick','PRD12461SG3A',1,'TRX630325'),(817,3500,2500,'Elite Footwear Classic White Sneakers','PRD12461SG3G',1,'TRX630325'),(818,15,15,'KPMG Retail Carry Bag (Large)',NULL,1,'TRX630325'),(819,4475,4000,'Lush Red Lipstick','PRD12461SG3A',1,'TRX141567'),(820,1254,1000,'Bliss Pink Blush Palette','PRD12461SG3C',1,'TRX141567'),(821,3463,2050,'Nova Trends Slim Fit Jeans','PRD12461SG3E',1,'TRX141567'),(822,3475,1999,'Eclat Nude Lipstick','PRD12461SG3F',1,'TRX141567'),(823,5200,3500,'Mystique Striped Shirt','PRD12461SG3I',1,'TRX141567'),(824,4000,3400,'Verve Denim Jeans - Grey','PRD12461SG3J',1,'TRX141567'),(825,6513,5495,'Glow White Shirt','PRD12461SG3D',1,'TRX141567'),(826,3500,2500,'Elite Footwear Classic White Sneakers','PRD12461SG3G',1,'TRX141567'),(827,2000,1500,'Opulent Blush Peach Blush Palette','PRD12461SG3H',1,'TRX141567'),(828,3500,2500,'Elite Footwear Classic White Sneakers','PRD12461SG3G',1,'TRX199760'),(829,2000,1500,'Opulent Blush Peach Blush Palette','PRD12461SG3H',1,'TRX199760'),(830,3463,2050,'Nova Trends Slim Fit Jeans','PRD12461SG3E',1,'TRX199760'),(831,5200,3500,'Mystique Striped Shirt','PRD12461SG3I',1,'TRX199760'),(832,3475,1999,'Eclat Nude Lipstick','PRD12461SG3F',1,'TRX199760'),(833,6513,5495,'Glow White Shirt','PRD12461SG3D',1,'TRX199760'),(834,4000,3400,'Verve Denim Jeans - Grey','PRD12461SG3J',1,'TRX199760'),(835,1254,1000,'Bliss Pink Blush Palette','PRD12461SG3C',1,'TRX199760'),(836,4475,4000,'Lush Red Lipstick','PRD12461SG3A',1,'TRX199760'),(837,4700,4100,'Stride Black Sneakers','PRD12461SG3B',1,'TRX199760'),(838,10,10,'KPMG Retail Carry Bag (Medium)',NULL,4,'TRX199760'),(839,5,5,'KPMG Retail Carry Bag (Small)',NULL,3,'TRX199760'),(840,2000,1500,'Opulent Blush Peach Blush Palette','PRD12461SG3H',1,'TRX276527'),(841,3475,1999,'Eclat Nude Lipstick','PRD12461SG3F',1,'TRX276527'),(842,3463,2050,'Nova Trends Slim Fit Jeans','PRD12461SG3E',1,'TRX276527'),(843,6513,5495,'Glow White Shirt','PRD12461SG3D',1,'TRX276527'),(844,5200,3500,'Mystique Striped Shirt','PRD12461SG3I',1,'TRX276527'),(845,1254,1000,'Bliss Pink Blush Palette','PRD12461SG3C',1,'TRX276527'),(846,3500,2500,'Elite Footwear Classic White Sneakers','PRD12461SG3G',1,'TRX276527'),(847,4000,3400,'Verve Denim Jeans - Grey','PRD12461SG3J',1,'TRX276527'),(848,4475,4000,'Lush Red Lipstick','PRD12461SG3A',1,'TRX276527'),(849,4475,4000,'Lush Red Lipstick','PRD12461SG3A',1,'TRX824488'),(850,6513,5495,'Glow White Shirt','PRD12461SG3D',1,'TRX824488'),(851,1254,1000,'Bliss Pink Blush Palette','PRD12461SG3C',1,'TRX824488'),(852,3463,2050,'Nova Trends Slim Fit Jeans','PRD12461SG3E',1,'TRX824488'),(853,4000,3400,'Verve Denim Jeans - Grey','PRD12461SG3J',1,'TRX824488'),(854,2000,1500,'Opulent Blush Peach Blush Palette','PRD12461SG3H',1,'TRX824488'),(855,3500,2500,'Elite Footwear Classic White Sneakers','PRD12461SG3G',1,'TRX824488'),(856,5200,3500,'Mystique Striped Shirt','PRD12461SG3I',1,'TRX824488'),(857,3475,1999,'Eclat Nude Lipstick','PRD12461SG3F',1,'TRX824488'),(858,5200,3500,'Mystique Striped Shirt','PRD12461SG3I',1,'TRX312525'),(859,3500,2500,'Elite Footwear Classic White Sneakers','PRD12461SG3G',1,'TRX312525'),(860,4000,3400,'Verve Denim Jeans - Grey','PRD12461SG3J',1,'TRX312525'),(861,3475,1999,'Eclat Nude Lipstick','PRD12461SG3F',1,'TRX312525'),(862,3463,2050,'Nova Trends Slim Fit Jeans','PRD12461SG3E',1,'TRX312525'),(863,6513,5495,'Glow White Shirt','PRD12461SG3D',1,'TRX312525'),(864,2000,1500,'Opulent Blush Peach Blush Palette','PRD12461SG3H',1,'TRX312525'),(865,1254,1000,'Bliss Pink Blush Palette','PRD12461SG3C',1,'TRX312525'),(866,4475,4000,'Lush Red Lipstick','PRD12461SG3A',1,'TRX312525'),(867,4700,4300,'Stride Black Sneakers','PRD12461SG3B',1,'TRX312525'),(868,15,15,'KPMG Retail Carry Bag (Large)',NULL,2,'TRX312525'),(869,2000,1500,'Opulent Blush Peach Blush Palette','PRD12461SG3H',1,'TRX333760'),(870,3500,2500,'Elite Footwear Classic White Sneakers','PRD12461SG3G',1,'TRX333760'),(871,3475,1999,'Eclat Nude Lipstick','PRD12461SG3F',1,'TRX333760'),(872,3463,2050,'Nova Trends Slim Fit Jeans','PRD12461SG3E',1,'TRX333760'),(873,5200,3500,'Mystique Striped Shirt','PRD12461SG3I',1,'TRX333760'),(874,4000,3400,'Verve Denim Jeans - Grey','PRD12461SG3J',1,'TRX333760'),(875,6513,5495,'Glow White Shirt','PRD12461SG3D',1,'TRX333760'),(876,1254,1000,'Bliss Pink Blush Palette','PRD12461SG3C',1,'TRX333760'),(877,4475,4000,'Lush Red Lipstick','PRD12461SG3A',1,'TRX333760'),(878,3463,2050,'Nova Trends Slim Fit Jeans','PRD12461SG3E',1,'TRX878491'),(879,2000,1500,'Opulent Blush Peach Blush Palette','PRD12461SG3H',1,'TRX878491'),(880,6513,5495,'Glow White Shirt','PRD12461SG3D',1,'TRX878491'),(881,1254,1000,'Bliss Pink Blush Palette','PRD12461SG3C',1,'TRX878491'),(882,3500,2500,'Elite Footwear Classic White Sneakers','PRD12461SG3G',1,'TRX878491'),(883,5200,3500,'Mystique Striped Shirt','PRD12461SG3I',1,'TRX878491'),(884,3475,1999,'Eclat Nude Lipstick','PRD12461SG3F',1,'TRX878491'),(885,4475,4000,'Lush Red Lipstick','PRD12461SG3A',1,'TRX878491'),(886,4000,3400,'Verve Denim Jeans - Grey','PRD12461SG3J',1,'TRX878491'),(887,4475,4000,'Lush Red Lipstick','PRD12461SG3A',1,'TRX242645'),(888,1254,1000,'Bliss Pink Blush Palette','PRD12461SG3C',1,'TRX242645'),(889,3475,1999,'Eclat Nude Lipstick','PRD12461SG3F',1,'TRX242645'),(890,6513,5495,'Glow White Shirt','PRD12461SG3D',1,'TRX242645'),(891,4000,3400,'Verve Denim Jeans - Grey','PRD12461SG3J',1,'TRX242645'),(892,3463,2050,'Nova Trends Slim Fit Jeans','PRD12461SG3E',1,'TRX242645'),(893,5200,3500,'Mystique Striped Shirt','PRD12461SG3I',1,'TRX242645'),(894,3500,2500,'Elite Footwear Classic White Sneakers','PRD12461SG3G',1,'TRX242645'),(895,2000,1500,'Opulent Blush Peach Blush Palette','PRD12461SG3H',1,'TRX242645'),(896,5200,3500,'Mystique Striped Shirt','PRD12461SG3I',1,'TRX239962'),(897,4475,4000,'Lush Red Lipstick','PRD12461SG3A',1,'TRX239962'),(898,4000,3400,'Verve Denim Jeans - Grey','PRD12461SG3J',1,'TRX239962'),(899,1254,1000,'Bliss Pink Blush Palette','PRD12461SG3C',1,'TRX239962'),(900,6513,5495,'Glow White Shirt','PRD12461SG3D',1,'TRX239962'),(901,3463,2050,'Nova Trends Slim Fit Jeans','PRD12461SG3E',1,'TRX239962'),(902,3475,1999,'Eclat Nude Lipstick','PRD12461SG3F',1,'TRX239962'),(903,3500,2500,'Elite Footwear Classic White Sneakers','PRD12461SG3G',1,'TRX239962'),(904,2000,1500,'Opulent Blush Peach Blush Palette','PRD12461SG3H',1,'TRX239962'),(905,4475,4000,'Lush Red Lipstick','PRD12461SG3A',1,'TRX754171'),(906,3475,1999,'Eclat Nude Lipstick','PRD12461SG3F',1,'TRX754171'),(907,2000,1500,'Opulent Blush Peach Blush Palette','PRD12461SG3H',1,'TRX754171'),(908,1254,1000,'Bliss Pink Blush Palette','PRD12461SG3C',1,'TRX754171'),(909,6513,5495,'Glow White Shirt','PRD12461SG3D',1,'TRX754171'),(910,3500,2500,'Elite Footwear Classic White Sneakers','PRD12461SG3G',1,'TRX754171'),(911,4000,3400,'Verve Denim Jeans - Grey','PRD12461SG3J',1,'TRX754171'),(912,3463,2050,'Nova Trends Slim Fit Jeans','PRD12461SG3E',1,'TRX754171'),(913,5200,3500,'Mystique Striped Shirt','PRD12461SG3I',1,'TRX754171'),(914,4700,4300,'Stride Black Sneakers','PRD12461SG3B',1,'TRX754171'),(915,10,10,'KPMG Retail Carry Bag (Medium)',NULL,1,'TRX754171'),(916,4475,4000,'Lush Red Lipstick','PRD12461SG3A',1,'TRX854851'),(917,2000,1500,'Opulent Blush Peach Blush Palette','PRD12461SG3H',1,'TRX854851'),(918,1254,1000,'Bliss Pink Blush Palette','PRD12461SG3C',1,'TRX854851'),(919,4000,3400,'Verve Denim Jeans - Grey','PRD12461SG3J',1,'TRX854851'),(920,6513,5495,'Glow White Shirt','PRD12461SG3D',1,'TRX854851'),(921,3475,1999,'Eclat Nude Lipstick','PRD12461SG3F',1,'TRX854851'),(922,3500,2500,'Elite Footwear Classic White Sneakers','PRD12461SG3G',1,'TRX854851'),(923,3463,2050,'Nova Trends Slim Fit Jeans','PRD12461SG3E',1,'TRX854851'),(924,5200,3500,'Mystique Striped Shirt','PRD12461SG3I',1,'TRX854851'),(925,4700,4100,'Stride Black Sneakers','PRD12461SG3B',1,'TRX854851'),(926,15,15,'KPMG Retail Carry Bag (Large)',NULL,1,'TRX854851'),(927,10,10,'KPMG Retail Carry Bag (Medium)',NULL,1,'TRX854851'),(928,5,5,'KPMG Retail Carry Bag (Small)',NULL,10,'TRX854851'),(929,4475,4000,'Lush Red Lipstick','PRD12461SG3A',1,'TRX952801'),(930,1254,1000,'Bliss Pink Blush Palette','PRD12461SG3C',1,'TRX952801'),(931,6513,5495,'Glow White Shirt','PRD12461SG3D',1,'TRX952801'),(932,3475,1999,'Eclat Nude Lipstick','PRD12461SG3F',1,'TRX952801'),(933,5200,3500,'Mystique Striped Shirt','PRD12461SG3I',1,'TRX952801'),(934,2000,1500,'Opulent Blush Peach Blush Palette','PRD12461SG3H',1,'TRX952801'),(935,3463,2050,'Nova Trends Slim Fit Jeans','PRD12461SG3E',1,'TRX952801'),(936,4000,3400,'Verve Denim Jeans - Grey','PRD12461SG3J',1,'TRX952801'),(937,3500,2500,'Elite Footwear Classic White Sneakers','PRD12461SG3G',1,'TRX952801'),(938,4700,4100,'Stride Black Sneakers','PRD12461SG3B',1,'TRX952801'),(939,15,15,'KPMG Retail Carry Bag (Large)',NULL,52,'TRX952801'),(940,3475,1999,'Eclat Nude Lipstick','PRD12461SG3F',1,'TRX811980'),(941,10,10,'KPMG Retail Carry Bag (Medium)',NULL,1,'TRX811980'),(942,3475,1999,'Eclat Nude Lipstick','PRD12461SG3F',1,'TRX733481'),(943,3463,2050,'Nova Trends Slim Fit Jeans','PRD12461SG3E',1,'TRX733481'),(944,3500,2500,'Elite Footwear Classic White Sneakers','PRD12461SG3G',1,'TRX733481'),(945,4000,3400,'Verve Denim Jeans - Grey','PRD12461SG3J',1,'TRX733481'),(946,4475,4000,'Lush Red Lipstick','PRD12461SG3A',1,'TRX733481'),(947,1254,1000,'Bliss Pink Blush Palette','PRD12461SG3C',1,'TRX733481'),(948,5200,3500,'Mystique Striped Shirt','PRD12461SG3I',1,'TRX733481'),(949,6513,5495,'Glow White Shirt','PRD12461SG3D',1,'TRX733481'),(950,2000,1500,'Opulent Blush Peach Blush Palette','PRD12461SG3H',1,'TRX733481'),(951,3463,2050,'Nova Trends Slim Fit Jeans','PRD12461SG3E',1,'TRX397011'),(952,6513,5495,'Glow White Shirt','PRD12461SG3D',1,'TRX397011'),(953,5200,3500,'Mystique Striped Shirt','PRD12461SG3I',1,'TRX397011'),(954,4000,3400,'Verve Denim Jeans - Grey','PRD12461SG3J',1,'TRX397011'),(955,1254,1000,'Bliss Pink Blush Palette','PRD12461SG3C',1,'TRX397011'),(956,4475,4000,'Lush Red Lipstick','PRD12461SG3A',1,'TRX397011'),(957,2000,1500,'Opulent Blush Peach Blush Palette','PRD12461SG3H',1,'TRX397011'),(958,3475,1999,'Eclat Nude Lipstick','PRD12461SG3F',1,'TRX397011'),(959,3500,2500,'Elite Footwear Classic White Sneakers','PRD12461SG3G',1,'TRX397011'),(960,4700,4300,'Stride Black Sneakers','PRD12461SG3B',1,'TRX397011'),(961,15,15,'KPMG Retail Carry Bag (Large)',NULL,1,'TRX397011'),(962,10,10,'KPMG Retail Carry Bag (Medium)',NULL,1,'TRX397011'),(963,4475,4000,'Lush Red Lipstick','PRD12461SG3A',1,'TRX689991'),(964,4000,3400,'Verve Denim Jeans - Grey','PRD12461SG3J',1,'TRX689991'),(965,1254,1000,'Bliss Pink Blush Palette','PRD12461SG3C',1,'TRX689991'),(966,3475,1999,'Eclat Nude Lipstick','PRD12461SG3F',1,'TRX689991'),(967,3500,2500,'Elite Footwear Classic White Sneakers','PRD12461SG3G',1,'TRX689991'),(968,6513,5495,'Glow White Shirt','PRD12461SG3D',1,'TRX689991'),(969,2000,1500,'Opulent Blush Peach Blush Palette','PRD12461SG3H',1,'TRX689991'),(970,3463,2050,'Nova Trends Slim Fit Jeans','PRD12461SG3E',1,'TRX689991'),(971,4700,4200,'Stride Black Sneakers','PRD12461SG3B',1,'TRX689991'),(972,10,10,'KPMG Retail Carry Bag (Medium)',NULL,1,'TRX689991'),(973,5,5,'KPMG Retail Carry Bag (Small)',NULL,2,'TRX689991'),(974,15,15,'KPMG Retail Carry Bag (Large)',NULL,4,'TRX689991'),(975,3475,1999,'Eclat Nude Lipstick','PRD12461SG3F',1,'TRX900539'),(976,4000,3400,'Verve Denim Jeans - Grey','PRD12461SG3J',1,'TRX900539'),(977,3500,2500,'Elite Footwear Classic White Sneakers','PRD12461SG3G',1,'TRX900539'),(978,2000,1500,'Opulent Blush Peach Blush Palette','PRD12461SG3H',1,'TRX900539'),(979,4475,4000,'Lush Red Lipstick','PRD12461SG3A',1,'TRX900539'),(980,3463,2050,'Nova Trends Slim Fit Jeans','PRD12461SG3E',1,'TRX900539'),(981,1254,1000,'Bliss Pink Blush Palette','PRD12461SG3C',1,'TRX900539'),(982,6513,5495,'Glow White Shirt','PRD12461SG3D',1,'TRX900539'),(983,5200,3500,'Mystique Striped Shirt','PRD12461SG3I',1,'TRX900539'),(984,10,10,'KPMG Retail Carry Bag (Medium)',NULL,3,'TRX900539'),(985,4475,4000,'Lush Red Lipstick','PRD47573',1,'TRX452271'),(986,5,5,'KPMG Retail Carry Bag (Small)',NULL,1,'TRX452271'),(987,10,10,'KPMG Retail Carry Bag (Medium)',NULL,1,'TRX452271'),(988,15,15,'KPMG Retail Carry Bag (Large)',NULL,1,'TRX452271'),(989,5475,3000,'Stride Black Sneakers','PRD47123',1,'TRX342491'),(990,10,10,'KPMG Retail Carry Bag (Medium)',NULL,1,'TRX342491'),(991,5,5,'KPMG Retail Carry Bag (Small)',NULL,1,'TRX342491'),(992,3500,2500,'Elite Footwear Classic White Sneakers','PRD47720',1,'TRX395463'),(993,3475,1999,'Eclat Nude Lipstick','PRD47034',1,'TRX395463'),(994,3463,2050,'Nova Trends Slim Fit Jeans','PRD47096',2,'TRX395463'),(995,2000,1500,'Opulent Blush Peach Blush Palette','PRD47786',1,'TRX395463'),(996,4000,3400,'Verve Denim Jeans - Grey','PRD47098',1,'TRX395463'),(997,5200,3500,'Mystique Striped Shirt','PRD47200',1,'TRX395463'),(998,1254,1000,'Bliss Pink Blush Palette','PRD47321',1,'TRX395463'),(999,4475,4000,'Lush Red Lipstick','PRD47573',1,'TRX395463'),(1000,6513,5495,'Glow White Shirt','PRD47407',1,'TRX395463'),(1001,3475,1999,'Eclat Nude Lipstick','PRD47034',1,'TRX269710'),(1002,3475,1999,'Eclat Nude Lipstick','PRD47087',1,'TRX269710'),(1003,3463,2050,'Nova Trends Slim Fit Jeans','PRD47088',1,'TRX269710'),(1004,4000,3400,'Verve Denim Jeans - Grey','PRD47089',1,'TRX269710'),(1005,5200,3500,'Mystique Striped Shirt','PRD47091',1,'TRX269710'),(1006,1254,1000,'Bliss Pink Blush Palette','PRD47092',1,'TRX269710'),(1007,6513,5495,'Glow White Shirt','PRD47093',1,'TRX269710'),(1008,3500,2500,'Elite Footwear Classic White Sneakers','PRD47094',1,'TRX269710'),(1009,2000,1500,'Opulent Blush Peach Blush Palette','PRD47095',1,'TRX269710'),(1010,4700,4300,'Stride Black Sneakers','PRD47001',1,'TRX269710'),(1011,5475,0,'Stride Black Sneakers','PRD47090',1,'TRX269710'),(1012,10,10,'KPMG Retail Carry Bag (Medium)',NULL,2,'TRX269710'),(1013,5,5,'KPMG Retail Carry Bag (Small)',NULL,3,'TRX269710'),(1014,15,15,'KPMG Retail Carry Bag (Large)',NULL,2,'TRX269710'),(1015,1254,1000,'Bliss Pink Blush Palette','PRD47092',1,'TRX475048'),(1016,4000,3400,'Verve Denim Jeans - Grey','PRD47089',1,'TRX475048'),(1017,3475,1999,'Eclat Nude Lipstick','PRD47087',1,'TRX475048'),(1018,5200,3500,'Mystique Striped Shirt','PRD47091',1,'TRX475048'),(1019,6513,5495,'Glow White Shirt','PRD47093',1,'TRX475048'),(1020,2000,1500,'Opulent Blush Peach Blush Palette','PRD47095',1,'TRX475048'),(1021,3475,1999,'Eclat Nude Lipstick','PRD47034',1,'TRX475048'),(1022,3475,1999,'Eclat Nude Lipstick','PRD47034',1,'TRX201360'),(1023,6513,5495,'Glow White Shirt','PRD47093',1,'TRX201360'),(1024,4000,3400,'Verve Denim Jeans - Grey','PRD47089',1,'TRX201360'),(1025,5200,3500,'Mystique Striped Shirt','PRD47091',1,'TRX201360'),(1026,1254,1000,'Bliss Pink Blush Palette','PRD47092',1,'TRX201360'),(1027,3463,2050,'Nova Trends Slim Fit Jeans','PRD47088',1,'TRX201360'),(1028,2000,1500,'Opulent Blush Peach Blush Palette','PRD47095',1,'TRX201360'),(1029,3500,2500,'Elite Footwear Classic White Sneakers','PRD47094',1,'TRX201360'),(1030,3463,2050,'Nova Trends Slim Fit Jeans','PRD47088',1,'TRX631207'),(1031,5200,3500,'Mystique Striped Shirt','PRD47091',1,'TRX631207'),(1032,1254,1000,'Bliss Pink Blush Palette','PRD47092',1,'TRX631207'),(1033,3475,1999,'Eclat Nude Lipstick','PRD47087',1,'TRX631207'),(1034,2000,1500,'Opulent Blush Peach Blush Palette','PRD47095',1,'TRX631207'),(1035,3500,2500,'Elite Footwear Classic White Sneakers','PRD47094',1,'TRX631207'),(1036,4000,3400,'Verve Denim Jeans - Grey','PRD47089',1,'TRX631207'),(1037,3475,1999,'Eclat Nude Lipstick','PRD47034',1,'TRX631207'),(1038,6513,5495,'Glow White Shirt','PRD47093',1,'TRX631207'),(1039,3463,346.3,'Nova Trends Slim Fit Jeans','PRD47096',1,'TRX631207'),(1040,4000,3400,'Verve Denim Jeans - Grey','PRD47089',1,'TRX100680'),(1041,3500,2500,'Elite Footwear Classic White Sneakers','PRD47094',1,'TRX100680'),(1042,3475,1999,'Eclat Nude Lipstick','PRD47034',1,'TRX100680'),(1043,6513,5495,'Glow White Shirt','PRD47093',1,'TRX100680'),(1044,2000,1500,'Opulent Blush Peach Blush Palette','PRD47095',1,'TRX100680'),(1045,1254,1000,'Bliss Pink Blush Palette','PRD47092',1,'TRX100680'),(1046,5200,3500,'Mystique Striped Shirt','PRD47091',1,'TRX100680'),(1047,3475,1999,'Eclat Nude Lipstick','PRD47087',1,'TRX100680'),(1048,3463,2050,'Nova Trends Slim Fit Jeans','PRD47088',1,'TRX100680'),(1049,3475,1999,'Eclat Nude Lipstick','PRD47034',1,'TRX585752'),(1050,3475,1999,'Eclat Nude Lipstick','PRD47087',1,'TRX585752'),(1051,5200,3500,'Mystique Striped Shirt','PRD47091',1,'TRX585752'),(1052,3463,2050,'Nova Trends Slim Fit Jeans','PRD47088',1,'TRX585752'),(1053,3500,2500,'Elite Footwear Classic White Sneakers','PRD47094',1,'TRX585752'),(1054,4000,3400,'Verve Denim Jeans - Grey','PRD47089',1,'TRX585752'),(1055,1254,1000,'Bliss Pink Blush Palette','PRD47092',1,'TRX585752'),(1056,6513,5495,'Glow White Shirt','PRD47093',1,'TRX585752'),(1057,2000,1500,'Opulent Blush Peach Blush Palette','PRD47095',1,'TRX585752'),(1058,3475,1999,'Eclat Nude Lipstick','PRD47034',1,'TRX422586'),(1059,5200,3500,'Mystique Striped Shirt','PRD47091',1,'TRX422586'),(1060,3500,2500,'Elite Footwear Classic White Sneakers','PRD47094',1,'TRX422586'),(1061,3475,1999,'Eclat Nude Lipstick','PRD47087',1,'TRX422586'),(1062,3463,2050,'Nova Trends Slim Fit Jeans','PRD47088',1,'TRX422586'),(1063,6513,5495,'Glow White Shirt','PRD47093',1,'TRX422586'),(1064,4000,3400,'Verve Denim Jeans - Grey','PRD47089',1,'TRX422586'),(1065,1254,1000,'Bliss Pink Blush Palette','PRD47092',1,'TRX422586'),(1066,2000,1500,'Opulent Blush Peach Blush Palette','PRD47095',1,'TRX422586'),(1067,1254,1000,'Bliss Pink Blush Palette','PRD47092',1,'TRX839364'),(1068,3475,1999,'Eclat Nude Lipstick','PRD47034',1,'TRX839364'),(1069,3463,2050,'Nova Trends Slim Fit Jeans','PRD47088',1,'TRX839364'),(1070,5200,3500,'Mystique Striped Shirt','PRD47091',1,'TRX839364'),(1071,6513,5495,'Glow White Shirt','PRD47093',1,'TRX839364'),(1072,2000,1500,'Opulent Blush Peach Blush Palette','PRD47095',1,'TRX839364'),(1073,3475,1999,'Eclat Nude Lipstick','PRD47087',1,'TRX839364'),(1074,4000,3400,'Verve Denim Jeans - Grey','PRD47089',1,'TRX839364'),(1075,3500,2500,'Elite Footwear Classic White Sneakers','PRD47094',1,'TRX839364'),(1076,3475,1999,'Eclat Nude Lipstick','PRD47087',1,'TRX138225'),(1077,3500,2500,'Elite Footwear Classic White Sneakers','PRD47094',1,'TRX138225'),(1078,4000,3400,'Verve Denim Jeans - Grey','PRD47089',1,'TRX138225'),(1079,2000,1500,'Opulent Blush Peach Blush Palette','PRD47095',1,'TRX138225'),(1080,5200,3500,'Mystique Striped Shirt','PRD47091',1,'TRX138225'),(1081,1254,1000,'Bliss Pink Blush Palette','PRD47092',1,'TRX138225'),(1082,6513,5495,'Glow White Shirt','PRD47093',1,'TRX138225'),(1083,3463,2050,'Nova Trends Slim Fit Jeans','PRD47088',1,'TRX138225'),(1084,3475,1999,'Eclat Nude Lipstick','PRD47034',1,'TRX138225'),(1085,1254,1000,'Bliss Pink Blush Palette','PRD47092',1,'TRX792181'),(1086,5200,3500,'Mystique Striped Shirt','PRD47091',1,'TRX792181'),(1087,3463,2050,'Nova Trends Slim Fit Jeans','PRD47088',1,'TRX792181'),(1088,4000,3400,'Verve Denim Jeans - Grey','PRD47089',1,'TRX792181'),(1089,3475,1999,'Eclat Nude Lipstick','PRD47087',1,'TRX792181'),(1090,2000,1500,'Opulent Blush Peach Blush Palette','PRD47095',1,'TRX792181'),(1091,3500,2500,'Elite Footwear Classic White Sneakers','PRD47094',1,'TRX792181'),(1092,6513,5495,'Glow White Shirt','PRD47093',1,'TRX792181'),(1093,3475,1999,'Eclat Nude Lipstick','PRD47034',1,'TRX792181'),(1094,6513,5495,'Glow White Shirt','PRD47093',1,'TRX520421'),(1095,3475,1999,'Eclat Nude Lipstick','PRD47034',1,'TRX520421'),(1096,4000,3400,'Verve Denim Jeans - Grey','PRD47089',1,'TRX520421'),(1097,3463,2050,'Nova Trends Slim Fit Jeans','PRD47088',1,'TRX520421'),(1098,3500,2500,'Elite Footwear Classic White Sneakers','PRD47094',1,'TRX520421'),(1099,3475,1999,'Eclat Nude Lipstick','PRD47087',1,'TRX520421'),(1100,5200,3500,'Mystique Striped Shirt','PRD47091',1,'TRX520421'),(1101,1254,1000,'Bliss Pink Blush Palette','PRD47092',1,'TRX520421'),(1102,2000,1500,'Opulent Blush Peach Blush Palette','PRD47095',1,'TRX520421'),(1103,3463,0,'Nova Trends Slim Fit Jeans','PRD47088',1,'TRX237778'),(1104,3475,1999,'Eclat Nude Lipstick','PRD47087',1,'TRX237778'),(1105,5475,3975,'Stride Black Sneakers','PRD47090',1,'TRX237778'),(1106,5200,3500,'Mystique Striped Shirt','PRD47091',1,'TRX237778'),(1107,1254,1000,'Bliss Pink Blush Palette','PRD47092',1,'TRX2452'),(1108,3463,2050,'Nova Trends Slim Fit Jeans','PRD47088',1,'TRX2452'),(1109,3475,1999,'Eclat Nude Lipstick','PRD47087',1,'TRX2452'),(1110,3475,1999,'Eclat Nude Lipstick','PRD47034',1,'TRX2452'),(1111,3500,2500,'Elite Footwear Classic White Sneakers','PRD47094',1,'TRX2452'),(1112,5200,3500,'Mystique Striped Shirt','PRD47091',1,'TRX2452'),(1113,4000,3400,'Verve Denim Jeans - Grey','PRD47089',1,'TRX2452'),(1114,2000,1500,'Opulent Blush Peach Blush Palette','PRD47095',1,'TRX2452'),(1115,6513,5495,'Glow White Shirt','PRD47093',1,'TRX2452'),(1116,4700,4300,'Stride Black Sneakers','PRD47001',1,'TRX2452'),(1117,4475,0,'Lush Red Lipstick','PRD47099',1,'TRX2452'),(1118,3463,1000,'Nova Trends Slim Fit Jeans','PRD47096',1,'TRX2452'),(1119,15,15,'KPMG Retail Carry Bag (Large)',NULL,3,'TRX2452'),(1120,10,10,'KPMG Retail Carry Bag (Medium)',NULL,8,'TRX2452'),(1121,5,5,'KPMG Retail Carry Bag (Small)',NULL,6,'TRX2452'),(1122,1254,1000,'Bliss Pink Blush Palette','PRD47092',1,'TRX629733'),(1123,3500,2500,'Elite Footwear Classic White Sneakers','PRD47094',1,'TRX629733'),(1124,3475,1999,'Eclat Nude Lipstick','PRD47087',1,'TRX953092'),(1125,10,10,'KPMG Retail Carry Bag (Medium)',NULL,2,'TRX953092'),(1126,5,5,'KPMG Retail Carry Bag (Small)',NULL,2,'TRX953092'),(1127,15,15,'KPMG Retail Carry Bag (Large)',NULL,2,'TRX953092'),(1128,3475,1999,'Eclat Nude Lipstick','PRD47034',1,'TRX464775'),(1129,3500,2500,'Elite Footwear Classic White Sneakers','PRD47094',1,'TRX464775'),(1130,1254,1000,'Bliss Pink Blush Palette','PRD47092',1,'TRX464775'),(1131,3463,2050,'Nova Trends Slim Fit Jeans','PRD47088',1,'TRX464775'),(1132,6513,5495,'Glow White Shirt','PRD47093',1,'TRX464775'),(1133,2000,1500,'Opulent Blush Peach Blush Palette','PRD47095',1,'TRX464775'),(1134,4000,3400,'Verve Denim Jeans - Grey','PRD47089',1,'TRX464775'),(1135,5200,3500,'Mystique Striped Shirt','PRD47091',1,'TRX464775'),(1136,3463,0,'Nova Trends Slim Fit Jeans','PRD47096',1,'TRX464775'),(1137,3463,2050,'Nova Trends Slim Fit Jeans','PRD47088',1,'TRX884923'),(1138,4000,3060,'Verve Denim Jeans - Grey','PRD47089',1,'TRX884923'),(1139,4475,3000,'Lush Red Lipstick','PRD47099',1,'TRX884923'),(1140,5475,3975,'Stride Black Sneakers','PRD47090',1,'TRX884923'),(1141,10,10,'KPMG Retail Carry Bag (Medium)',NULL,2,'TRX884923'),(1142,5200,3500,'Mystique Striped Shirt','PRD47091',1,'TRX505845'),(1143,3500,2500,'Elite Footwear Classic White Sneakers','PRD47094',1,'TRX505845'),(1144,3475,1999,'Eclat Nude Lipstick','PRD47087',1,'TRX505845'),(1145,3463,2050,'Nova Trends Slim Fit Jeans','PRD47088',1,'TRX505845'),(1146,4000,3400,'Verve Denim Jeans - Grey','PRD47089',1,'TRX505845'),(1147,3475,1999,'Eclat Nude Lipstick','PRD47034',1,'TRX505845'),(1148,1254,1000,'Bliss Pink Blush Palette','PRD47092',1,'TRX505845'),(1149,6513,5495,'Glow White Shirt','PRD47093',1,'TRX505845'),(1150,2000,1500,'Opulent Blush Peach Blush Palette','PRD47095',1,'TRX505845'),(1151,6513,5495,'Glow White Shirt','PRD47093',1,'TRX331215'),(1152,3463,2050,'Nova Trends Slim Fit Jeans','PRD47088',1,'TRX331215'),(1153,4000,3400,'Verve Denim Jeans - Grey','PRD47089',1,'TRX331215'),(1154,3475,1999,'Eclat Nude Lipstick','PRD47087',1,'TRX331215'),(1155,1254,1000,'Bliss Pink Blush Palette','PRD47092',1,'TRX331215'),(1156,5200,3500,'Mystique Striped Shirt','PRD47091',1,'TRX331215'),(1157,3475,1999,'Eclat Nude Lipstick','PRD47034',1,'TRX331215'),(1158,2000,1500,'Opulent Blush Peach Blush Palette','PRD47095',1,'TRX331215'),(1159,3500,2500,'Elite Footwear Classic White Sneakers','PRD47094',1,'TRX331215'),(1160,3475,1999,'Eclat Nude Lipstick','PRD47034',1,'TRX986683'),(1161,3475,1999,'Eclat Nude Lipstick','PRD47087',1,'TRX986683'),(1162,1254,1000,'Bliss Pink Blush Palette','PRD47092',1,'TRX986683'),(1163,4000,3400,'Verve Denim Jeans - Grey','PRD47089',1,'TRX986683'),(1164,5200,3500,'Mystique Striped Shirt','PRD47091',1,'TRX986683'),(1165,3500,2500,'Elite Footwear Classic White Sneakers','PRD47094',1,'TRX986683'),(1166,3463,2050,'Nova Trends Slim Fit Jeans','PRD47088',1,'TRX986683'),(1167,2000,1500,'Opulent Blush Peach Blush Palette','PRD47095',1,'TRX986683'),(1168,6513,5495,'Glow White Shirt','PRD47093',1,'TRX986683'),(1169,5200,557,'Mystique Striped Shirt','PRD47091',1,'TRX925066'),(1170,3475,318,'Eclat Nude Lipstick','PRD47034',1,'TRX925066'),(1171,1254,159,'Bliss Pink Blush Palette','PRD47092',1,'TRX925066'),(1172,3475,318,'Eclat Nude Lipstick','PRD47087',1,'TRX925066'),(1173,3463,326,'Nova Trends Slim Fit Jeans','PRD47088',1,'TRX925066'),(1174,4000,541,'Verve Denim Jeans - Grey','PRD47089',1,'TRX925066'),(1175,6513,874,'Glow White Shirt','PRD47093',1,'TRX925066'),(1176,3500,398,'Elite Footwear Classic White Sneakers','PRD47094',1,'TRX925066'),(1177,2000,239,'Opulent Blush Peach Blush Palette','PRD47095',1,'TRX925066'),(1178,4475,0,'Lush Red Lipstick','PRD47099',1,'TRX925066'),(1179,4000,54,'Verve Denim Jeans - Grey','PRD47098',1,'TRX925066'),(1180,6513,550,'Glow White Shirt','PRD47093',1,'TRX214367'),(1181,4000,340,'Verve Denim Jeans - Grey','PRD47089',1,'TRX214367'),(1182,3475,200,'Eclat Nude Lipstick','PRD47087',1,'TRX214367'),(1183,1254,100,'Bliss Pink Blush Palette','PRD47092',1,'TRX214367'),(1184,2000,150,'Opulent Blush Peach Blush Palette','PRD47095',1,'TRX214367'),(1185,3475,200,'Eclat Nude Lipstick','PRD47034',1,'TRX214367'),(1186,3463,205,'Nova Trends Slim Fit Jeans','PRD47088',1,'TRX214367'),(1187,3500,250,'Elite Footwear Classic White Sneakers','PRD47094',1,'TRX214367'),(1188,5200,350,'Mystique Striped Shirt','PRD47091',1,'TRX214367'),(1189,3463,205,'Nova Trends Slim Fit Jeans','PRD47088',1,'TRX24728'),(1190,4000,340,'Verve Denim Jeans - Grey','PRD47089',1,'TRX24728'),(1191,15,15,'KPMG Retail Carry Bag (Large)',NULL,4,'TRX24728'),(1192,4000,3400,'Verve Denim Jeans - Grey','PRD47089',1,'TRX654535'),(1193,2000,1500,'Opulent Blush Peach Blush Palette','PRD47095',1,'TRX654535'),(1194,3475,1000,'Eclat Nude Lipstick','PRD47034',1,'TRX413071'),(1195,3475,1000,'Eclat Nude Lipstick','PRD47087',1,'TRX413071'),(1196,3500,1250,'Elite Footwear Classic White Sneakers','PRD47094',1,'TRX413071'),(1197,1254,500,'Bliss Pink Blush Palette','PRD47092',1,'TRX413071'),(1198,5200,1750,'Mystique Striped Shirt','PRD47091',1,'TRX413071'),(1199,6513,2748,'Glow White Shirt','PRD47093',1,'TRX413071'),(1200,2000,750,'Opulent Blush Peach Blush Palette','PRD47095',1,'TRX413071'),(1201,3463,1025,'Nova Trends Slim Fit Jeans','PRD47088',1,'TRX413071'),(1202,4000,1700,'Verve Denim Jeans - Grey','PRD47089',1,'TRX413071'),(1203,3463,825,'Nova Trends Slim Fit Jeans','PRD47096',1,'TRX413071'),(1204,10,10,'KPMG Retail Carry Bag (Medium)',NULL,1,'TRX413071'),(1205,15,15,'KPMG Retail Carry Bag (Large)',NULL,4,'TRX413071'),(1206,3463,2050,'Nova Trends Slim Fit Jeans','PRD47088',1,'TRX779788'),(1207,2000,1500,'Opulent Blush Peach Blush Palette','PRD47095',1,'TRX779788'),(1208,1254,1000,'Bliss Pink Blush Palette','PRD47092',1,'TRX779788'),(1209,3475,1999,'Eclat Nude Lipstick','PRD47087',1,'TRX779788'),(1210,4000,3400,'Verve Denim Jeans - Grey','PRD47089',1,'TRX779788'),(1211,3500,2500,'Elite Footwear Classic White Sneakers','PRD47094',1,'TRX779788'),(1212,5200,3500,'Mystique Striped Shirt','PRD47091',1,'TRX779788'),(1213,6513,5495,'Glow White Shirt','PRD47093',1,'TRX779788'),(1214,3475,1999,'Eclat Nude Lipstick','PRD47034',1,'TRX779788'),(1215,10,10,'KPMG Retail Carry Bag (Medium)',NULL,3,'TRX779788'),(1216,6513,5487,'Glow White Shirt','PRD47093',1,'TRX885570'),(1217,5200,499,'Mystique Striped Shirt','PRD47091',1,'TRX885570'),(1218,15,15,'KPMG Retail Carry Bag (Large)',NULL,1,'TRX885570'),(1219,10,10,'KPMG Retail Carry Bag (Medium)',NULL,3,'TRX885570'),(1220,4000,1700,'Verve Denim Jeans - Grey','PRD47089',1,'TRX877055'),(1221,6513,2748,'Glow White Shirt','PRD47093',1,'TRX877055'),(1222,3500,1250,'Elite Footwear Classic White Sneakers','PRD47094',1,'TRX877055'),(1223,3475,1000,'Eclat Nude Lipstick','PRD47034',1,'TRX877055'),(1224,1254,500,'Bliss Pink Blush Palette','PRD47092',1,'TRX877055'),(1225,2000,750,'Opulent Blush Peach Blush Palette','PRD47095',1,'TRX877055'),(1226,3475,1000,'Eclat Nude Lipstick','PRD47087',1,'TRX877055'),(1227,5200,1750,'Mystique Striped Shirt','PRD47091',1,'TRX877055'),(1228,3463,1025,'Nova Trends Slim Fit Jeans','PRD47088',1,'TRX877055'),(1229,3475,1999,'Eclat Nude Lipstick','PRD47087',1,'TRX425009'),(1230,2000,1500,'Opulent Blush Peach Blush Palette','PRD47095',1,'TRX700315'),(1231,3463,2050,'Nova Trends Slim Fit Jeans','PRD47088',1,'TRX700315'),(1232,2000,1500,'Opulent Blush Peach Blush Palette','PRD47095',1,'TRX82722'),(1233,3500,2500,'Elite Footwear Classic White Sneakers','PRD47094',1,'TRX82722'),(1234,4000,3400,'Verve Denim Jeans - Grey','PRD47089',1,'TRX300510'),(1235,4475,4000,'Lush Red Lipstick','PRD47099',1,'TRX300510'),(1236,4000,3400,'Verve Denim Jeans - Grey','PRD47089',1,'TRX504172'),(1237,4475,4000,'Lush Red Lipstick','PRD47099',1,'TRX504172'),(1238,4000,3400,'Verve Denim Jeans - Grey','PRD47089',1,'TRX506226'),(1239,3500,2500,'Elite Footwear Classic White Sneakers','PRD47094',1,'TRX506226'),(1240,4475,4000,'Lush Red Lipstick','PRD47099',1,'TRX506226'),(1241,4000,3157.15,'Verve Denim Jeans - Grey','PRD47054',1,'TRX358109'),(1242,4475,NULL,'Lush Red Lipstick','PRD47050',1,'TRX358109'),(1243,5475,1987.5,'Stride Black Sneakers','PRD47056',1,'TRX390188'),(1244,5200,1750,'Mystique Striped Shirt','PRD47048',1,'TRX390188'),(1245,3500,1250,'Elite Footwear Classic White Sneakers','PRD47055',1,'TRX390188'),(1246,1254,500,'Bliss Pink Blush Palette','PRD47051',1,'TRX390188'),(1247,6513,2747.5,'Glow White Shirt','PRD47047',1,'TRX390188'),(1248,2000,750,'Opulent Blush Peach Blush Palette','PRD47052',1,'TRX390188'),(1249,4475,2000,'Lush Red Lipstick','PRD47050',1,'TRX390188'),(1250,4000,1700,'Verve Denim Jeans - Grey','PRD47054',1,'TRX390188'),(1251,3475,999.5,'Eclat Nude Lipstick','PRD47053',1,'TRX390188'),(1252,3463,1999.999,'Nova Trends Slim Fit Jeans','PRD47049',1,'TRX390188'),(1253,6513,3297,'Glow White Shirt','PRD47047',1,'TRX800681'),(1254,5200,2100,'Mystique Striped Shirt','PRD47048',1,'TRX800681'),(1255,4000,2040,'Verve Denim Jeans - Grey','PRD47054',1,'TRX800681'),(1256,4475,2400,'Lush Red Lipstick','PRD47050',1,'TRX800681'),(1257,1254,600,'Bliss Pink Blush Palette','PRD47051',1,'TRX800681'),(1258,3500,1500,'Elite Footwear Classic White Sneakers','PRD47055',1,'TRX800681'),(1259,5475,2385,'Stride Black Sneakers','PRD47056',1,'TRX800681'),(1260,3475,1199.4,'Eclat Nude Lipstick','PRD47053',1,'TRX800681'),(1261,2000,900,'Opulent Blush Peach Blush Palette','PRD47052',1,'TRX800681'),(1262,3463,0,'Nova Trends Slim Fit Jeans','PRD47049',1,'TRX800681'),(1263,3500,2500,'Elite Footwear Classic White Sneakers','PRD47055',1,'TRX790731'),(1264,6513,5495,'Glow White Shirt','PRD47047',1,'TRX790731'),(1265,5200,3500,'Mystique Striped Shirt','PRD47048',1,'TRX790731'),(1266,4000,3400,'Verve Denim Jeans - Grey','PRD47054',1,'TRX790731'),(1267,2000,1500,'Opulent Blush Peach Blush Palette','PRD47052',1,'TRX790731'),(1268,1254,1000,'Bliss Pink Blush Palette','PRD47051',1,'TRX790731'),(1269,4475,4000,'Lush Red Lipstick','PRD47050',1,'TRX790731'),(1270,5475,3975,'Stride Black Sneakers','PRD47056',1,'TRX790731'),(1271,3475,1946,'Eclat Nude Lipstick','PRD47053',1,'TRX790731'),(1272,6513,5495,'Glow White Shirt','PRD47047',1,'TRX553739'),(1273,1254,1000,'Bliss Pink Blush Palette','PRD47051',1,'TRX553739'),(1274,2000,1500,'Opulent Blush Peach Blush Palette','PRD47052',1,'TRX553739'),(1275,5200,3500,'Mystique Striped Shirt','PRD47048',1,'TRX553739'),(1276,3475,1946,'Eclat Nude Lipstick','PRD47053',1,'TRX553739'),(1277,4000,3400,'Verve Denim Jeans - Grey','PRD47054',1,'TRX553739'),(1278,4475,4000,'Lush Red Lipstick','PRD47050',1,'TRX553739'),(1279,4700,4300,'Stride Black Sneakers','PRD47001',1,'TRX553739'),(1280,3500,2000,'Elite Footwear Classic White Sneakers','PRD47055',1,'TRX553739'),(1281,10,10,'KPMG Retail Carry Bag (Medium)',NULL,4,'TRX553739'),(1282,15,15,'KPMG Retail Carry Bag (Large)',NULL,2,'TRX553739'),(1283,5,5,'KPMG Retail Carry Bag (Small)',NULL,15,'TRX553739'),(1284,6513,5495,'Glow White Shirt','PRD47047',1,'TRX791933'),(1285,3475,1946,'Eclat Nude Lipstick','PRD47053',1,'TRX791933'),(1286,4475,4000,'Lush Red Lipstick','PRD47050',1,'TRX791933'),(1287,1254,1000,'Bliss Pink Blush Palette','PRD47051',1,'TRX791933'),(1288,5200,3500,'Mystique Striped Shirt','PRD47048',1,'TRX791933'),(1289,2000,1500,'Opulent Blush Peach Blush Palette','PRD47052',1,'TRX791933'),(1290,4000,3400,'Verve Denim Jeans - Grey','PRD47054',1,'TRX791933'),(1291,6513,5495,'Glow White Shirt','PRD47047',1,'TRX257100'),(1292,3475,1946,'Eclat Nude Lipstick','PRD47053',1,'TRX257100'),(1293,5200,3500,'Mystique Striped Shirt','PRD47048',1,'TRX257100'),(1294,4000,3400,'Verve Denim Jeans - Grey','PRD47054',1,'TRX257100'),(1295,4475,4000,'Lush Red Lipstick','PRD47050',1,'TRX257100'),(1296,1254,1000,'Bliss Pink Blush Palette','PRD47051',1,'TRX257100'),(1297,2000,1500,'Opulent Blush Peach Blush Palette','PRD47052',1,'TRX257100'),(1298,4000,3400,'Verve Denim Jeans - Grey','PRD47054',1,'TRX659306'),(1299,1254,1000,'Bliss Pink Blush Palette','PRD47051',1,'TRX659306'),(1300,6513,5495,'Glow White Shirt','PRD47047',1,'TRX659306'),(1301,2000,1500,'Opulent Blush Peach Blush Palette','PRD47052',1,'TRX659306'),(1302,5200,3500,'Mystique Striped Shirt','PRD47048',1,'TRX659306'),(1303,4475,4000,'Lush Red Lipstick','PRD47050',1,'TRX659306'),(1304,3475,1946,'Eclat Nude Lipstick','PRD47053',1,'TRX659306'),(1305,6513,5495,'Glow White Shirt','PRD47047',1,'TRX779508'),(1306,5200,3500,'Mystique Striped Shirt','PRD47048',1,'TRX779508'),(1307,2000,1500,'Opulent Blush Peach Blush Palette','PRD47052',1,'TRX779508'),(1308,1254,1000,'Bliss Pink Blush Palette','PRD47051',1,'TRX779508'),(1309,3475,1946,'Eclat Nude Lipstick','PRD47053',1,'TRX779508'),(1310,4475,4000,'Lush Red Lipstick','PRD47050',1,'TRX779508'),(1311,4000,3400,'Verve Denim Jeans - Grey','PRD47054',1,'TRX779508'),(1312,4000,3400,'Verve Denim Jeans - Grey','PRD47054',1,'TRX694388'),(1313,3475,1946,'Eclat Nude Lipstick','PRD47053',1,'TRX694388'),(1314,2000,1500,'Opulent Blush Peach Blush Palette','PRD47052',1,'TRX694388'),(1315,1254,1000,'Bliss Pink Blush Palette','PRD47051',1,'TRX694388'),(1316,4475,4000,'Lush Red Lipstick','PRD47050',1,'TRX694388'),(1317,5200,3500,'Mystique Striped Shirt','PRD47048',1,'TRX694388'),(1318,6513,5495,'Glow White Shirt','PRD47047',1,'TRX694388'),(1319,3475,973,'Eclat Nude Lipstick','PRD47053',1,'TRX907255'),(1320,5200,1750,'Mystique Striped Shirt','PRD47048',1,'TRX907255'),(1321,1254,500,'Bliss Pink Blush Palette','PRD47051',1,'TRX907255'),(1322,6513,2747.5,'Glow White Shirt','PRD47047',1,'TRX907255'),(1323,4000,1700,'Verve Denim Jeans - Grey','PRD47054',1,'TRX907255'),(1324,4475,2000,'Lush Red Lipstick','PRD47050',1,'TRX907255'),(1325,2000,750,'Opulent Blush Peach Blush Palette','PRD47052',1,'TRX907255'),(1326,2000,1467.79,'Opulent Blush Peach Blush Palette','PRD47052',1,'TRX167560'),(1327,4475,3914.11,'Lush Red Lipstick','PRD47050',1,'TRX167560'),(1328,4000,3326.99,'Verve Denim Jeans - Grey','PRD47054',1,'TRX167560'),(1329,5200,3424.84,'Mystique Striped Shirt','PRD47048',1,'TRX167560'),(1330,6513,5377,'Glow White Shirt','PRD47047',1,'TRX167560'),(1331,1254,NULL,'Bliss Pink Blush Palette','PRD47051',1,'TRX167560'),(1332,2000,1500,'Opulent Blush Peach Blush Palette','PRD47052',1,'TRX588800'),(1333,1254,1000,'Bliss Pink Blush Palette','PRD47051',1,'TRX588800'),(1334,6513,5495,'Glow White Shirt','PRD47047',1,'TRX588800'),(1335,4000,3400,'Verve Denim Jeans - Grey','PRD47054',1,'TRX588800'),(1336,3475,1946,'Eclat Nude Lipstick','PRD47053',1,'TRX588800'),(1337,5200,3500,'Mystique Striped Shirt','PRD47048',1,'TRX588800'),(1338,4475,4000,'Lush Red Lipstick','PRD47050',1,'TRX588800'),(1339,3475,1946,'Eclat Nude Lipstick','PRD47053',1,'TRX217117'),(1340,4475,4000,'Lush Red Lipstick','PRD47050',1,'TRX217117'),(1341,6513,5495,'Glow White Shirt','PRD47047',1,'TRX217117'),(1342,1254,1000,'Bliss Pink Blush Palette','PRD47051',1,'TRX217117'),(1343,4000,3400,'Verve Denim Jeans - Grey','PRD47054',1,'TRX217117'),(1344,2000,1500,'Opulent Blush Peach Blush Palette','PRD47052',1,'TRX217117'),(1345,5200,3000,'Mystique Striped Shirt','PRD47048',1,'TRX217117'),(1346,6513,2747.5,'Glow White Shirt','PRD47047',1,'TRX968561'),(1347,1254,500,'Bliss Pink Blush Palette','PRD47051',1,'TRX968561'),(1348,5200,1750,'Mystique Striped Shirt','PRD47048',1,'TRX968561'),(1349,4000,1700,'Verve Denim Jeans - Grey','PRD47054',1,'TRX968561'),(1350,4475,2000,'Lush Red Lipstick','PRD47050',1,'TRX968561'),(1351,3475,999.995,'Eclat Nude Lipstick','PRD47053',1,'TRX968561'),(1352,3475,1937.98,'Eclat Nude Lipstick','PRD47053',1,'TRX336723'),(1353,1254,995.88,'Bliss Pink Blush Palette','PRD47051',1,'TRX336723'),(1354,6513,5472.36,'Glow White Shirt','PRD47047',1,'TRX336723'),(1355,4475,3983.52,'Lush Red Lipstick','PRD47050',1,'TRX336723'),(1356,2000,1493.82,'Opulent Blush Peach Blush Palette','PRD47052',1,'TRX336723'),(1357,5200,3485.58,'Mystique Striped Shirt','PRD47048',1,'TRX336723'),(1358,4000,3385.99,'Verve Denim Jeans - Grey','PRD47054',1,'TRX336723'),(1359,3500,NULL,'Elite Footwear Classic White Sneakers','PRD47055',1,'TRX336723'),(1360,4000,3400,'Verve Denim Jeans - Grey','PRD47054',1,'TRX939072'),(1361,4475,3600,'Lush Red Lipstick','PRD47050',1,'TRX939072'),(1362,4475,NULL,'Lush Red Lipstick','PRD47050',1,'TRX621301'),(1363,4000,3157.15,'Verve Denim Jeans - Grey','PRD47054',1,'TRX621301'),(1364,6513,5000,'Glow White Shirt','PRD47047',1,'TRX707807'),(1365,3463,1025,'Nova Trends Slim Fit Jeans','PRD47049',1,'TRX707807'),(1366,10,10,'KPMG Retail Carry Bag (Medium)',NULL,1,'TRX707807'),(1367,15,15,'KPMG Retail Carry Bag (Large)',NULL,5,'TRX707807'),(1368,5,5,'KPMG Retail Carry Bag (Small)',NULL,3,'TRX707807'),(1369,5200,1750,'Mystique Striped Shirt','PRD47048',1,'TRX111071'),(1370,4000,1700,'Verve Denim Jeans - Grey','PRD47054',1,'TRX111071'),(1371,3475,973,'Eclat Nude Lipstick','PRD47053',1,'TRX111071'),(1372,6513,2747.5,'Glow White Shirt','PRD47047',1,'TRX111071'),(1373,1254,500,'Bliss Pink Blush Palette','PRD47051',1,'TRX111071'),(1374,2000,750,'Opulent Blush Peach Blush Palette','PRD47052',1,'TRX111071'),(1375,4475,2000,'Lush Red Lipstick','PRD47050',1,'TRX111071'),(1376,3500,625,'Elite Footwear Classic White Sneakers','PRD47055',1,'TRX111071'),(1377,5200,3371.13,'Mystique Striped Shirt','PRD47048',1,'TRX407377'),(1378,1254,963.18,'Bliss Pink Blush Palette','PRD47051',1,'TRX407377'),(1379,6513,5292.68,'Glow White Shirt','PRD47047',1,'TRX407377'),(1380,4000,3274.81,'Verve Denim Jeans - Grey','PRD47054',1,'TRX407377'),(1381,3475,1874.35,'Eclat Nude Lipstick','PRD47053',1,'TRX407377'),(1382,4475,3852.72,'Lush Red Lipstick','PRD47050',1,'TRX407377'),(1383,2000,1444.77,'Opulent Blush Peach Blush Palette','PRD47052',1,'TRX407377'),(1384,3500,1926.3600000000001,'Elite Footwear Classic White Sneakers','PRD47055',1,'TRX407377'),(1385,4000,3060,'Verve Denim Jeans - Grey','PRD47054',1,'TRX178172'),(1386,3500,2250,'Elite Footwear Classic White Sneakers','PRD47055',1,'TRX178172'),(1387,3500,2250,'Elite Footwear Classic White Sneakers','PRD47055',1,'TRX6246'),(1388,4000,3060,'Verve Denim Jeans - Grey','PRD47054',1,'TRX6246'),(1389,4000,3060,'Verve Denim Jeans - Grey','PRD47054',1,'TRX595087'),(1390,3500,2250,'Elite Footwear Classic White Sneakers','PRD47055',1,'TRX595087'),(1391,4000,3060,'Verve Denim Jeans - Grey','PRD47054',1,'TRX484592'),(1392,3500,2250,'Elite Footwear Classic White Sneakers','PRD47055',1,'TRX484592'),(1393,3475,1841.89,'Eclat Nude Lipstick','PRD47053',1,'TRX659848'),(1394,4000,3218.1,'Verve Denim Jeans - Grey','PRD47054',1,'TRX659848'),(1395,1254,946.5,'Bliss Pink Blush Palette','PRD47051',1,'TRX659848'),(1396,2000,1419.75,'Opulent Blush Peach Blush Palette','PRD47052',1,'TRX659848'),(1397,5200,3312.75,'Mystique Striped Shirt','PRD47048',1,'TRX659848'),(1398,6513,5201.02,'Glow White Shirt','PRD47047',1,'TRX659848'),(1399,15,15,'KPMG Retail Carry Bag (Large)',NULL,4,'TRX659848'),(1400,4000,1700,'Verve Denim Jeans - Grey','PRD47054',1,'TRX224783'),(1401,3475,973,'Eclat Nude Lipstick','PRD47053',1,'TRX224783'),(1402,2000,750,'Opulent Blush Peach Blush Palette','PRD47052',1,'TRX224783'),(1403,1254,500,'Bliss Pink Blush Palette','PRD47051',1,'TRX224783'),(1404,4475,2000,'Lush Red Lipstick','PRD47050',1,'TRX224783'),(1405,5200,1750,'Mystique Striped Shirt','PRD47048',1,'TRX224783'),(1406,6513,2747.5,'Glow White Shirt','PRD47047',1,'TRX224783'),(1407,3500,1000,'Elite Footwear Classic White Sneakers','PRD47055',1,'TRX224783'),(1408,10,10,'KPMG Retail Carry Bag (Medium)',NULL,3,'TRX224783'),(1409,5,5,'KPMG Retail Carry Bag (Small)',NULL,4,'TRX224783'),(1410,5200,3500,'Mystique Striped Shirt','PRD47048',1,'TRX352823'),(1411,1254,1000,'Bliss Pink Blush Palette','PRD47051',1,'TRX352823'),(1412,6513,5495,'Glow White Shirt','PRD47047',1,'TRX352823'),(1413,4475,4000,'Lush Red Lipstick','PRD47050',1,'TRX352823'),(1414,4000,3400,'Verve Denim Jeans - Grey','PRD47054',1,'TRX352823'),(1415,2000,1500,'Opulent Blush Peach Blush Palette','PRD47052',1,'TRX352823'),(1416,3475,1946,'Eclat Nude Lipstick','PRD47053',1,'TRX352823'),(1417,5200,1381.58,'Mystique Striped Shirt','PRD47048',1,'TRX824095'),(1418,3463,1618.42,'Nova Trends Slim Fit Jeans','PRD47049',1,'TRX824095'),(1419,5200,1750,'Mystique Striped Shirt','PRD47048',1,'TRX244383'),(1420,1254,500,'Bliss Pink Blush Palette','PRD47051',1,'TRX244383'),(1421,2000,750,'Opulent Blush Peach Blush Palette','PRD47052',1,'TRX244383'),(1422,6513,2747.5,'Glow White Shirt','PRD47047',1,'TRX244383'),(1423,4475,2000,'Lush Red Lipstick','PRD47050',1,'TRX244383'),(1424,3475,973,'Eclat Nude Lipstick','PRD47053',1,'TRX244383'),(1425,4000,1700,'Verve Denim Jeans - Grey','PRD47054',1,'TRX244383'),(1426,3463,512.5,'Nova Trends Slim Fit Jeans','PRD47049',1,'TRX244383'),(1427,6513,2747.5,'Glow White Shirt','PRD47047',1,'TRX966988'),(1428,3475,973,'Eclat Nude Lipstick','PRD47053',1,'TRX966988'),(1429,4000,1700,'Verve Denim Jeans - Grey','PRD47054',1,'TRX966988'),(1430,5200,1750,'Mystique Striped Shirt','PRD47048',1,'TRX966988'),(1431,4475,2000,'Lush Red Lipstick','PRD47050',1,'TRX966988'),(1432,1254,500,'Bliss Pink Blush Palette','PRD47051',1,'TRX966988'),(1433,2000,750,'Opulent Blush Peach Blush Palette','PRD47052',1,'TRX966988'),(1434,5200,700,'Mystique Striped Shirt','PRD47048',1,'TRX525087'),(1435,1254,200,'Bliss Pink Blush Palette','PRD47051',1,'TRX525087'),(1436,4475,800,'Lush Red Lipstick','PRD47050',1,'TRX525087'),(1437,2000,300,'Opulent Blush Peach Blush Palette','PRD47052',1,'TRX525087'),(1438,4000,680,'Verve Denim Jeans - Grey','PRD47054',1,'TRX525087'),(1439,6513,1099,'Glow White Shirt','PRD47047',1,'TRX525087'),(1440,3475,389.20000000000005,'Eclat Nude Lipstick','PRD47053',1,'TRX525087'),(1441,2000,750,'Opulent Blush Peach Blush Palette','PRD47052',1,'TRX368950'),(1442,4000,1700,'Verve Denim Jeans - Grey','PRD47054',1,'TRX368950'),(1443,6513,2747.5,'Glow White Shirt','PRD47047',1,'TRX368950'),(1444,3475,973,'Eclat Nude Lipstick','PRD47053',1,'TRX368950'),(1445,5200,1750,'Mystique Striped Shirt','PRD47048',1,'TRX368950'),(1446,4475,2000,'Lush Red Lipstick','PRD47050',1,'TRX368950'),(1447,1254,500,'Bliss Pink Blush Palette','PRD47051',1,'TRX368950'),(1448,3500,937.5,'Elite Footwear Classic White Sneakers','PRD47055',1,'TRX368950'),(1449,6513,5495,'Glow White Shirt','PRD47047',1,'TRX413278'),(1450,5200,3500,'Mystique Striped Shirt','PRD47048',1,'TRX413278'),(1451,3475,1946,'Eclat Nude Lipstick','PRD47053',1,'TRX413278'),(1452,1254,1000,'Bliss Pink Blush Palette','PRD47051',1,'TRX413278'),(1453,2000,1500,'Opulent Blush Peach Blush Palette','PRD47052',1,'TRX413278'),(1454,4000,3400,'Verve Denim Jeans - Grey','PRD47054',1,'TRX413278'),(1455,4475,4000,'Lush Red Lipstick','PRD47050',1,'TRX413278'),(1456,3500,2000,'Elite Footwear Classic White Sneakers','PRD47055',1,'TRX413278'),(1457,15,15,'KPMG Retail Carry Bag (Large)',NULL,4,'TRX413278'),(1458,10,10,'KPMG Retail Carry Bag (Medium)',NULL,3,'TRX413278'),(1459,2000,750,'Opulent Blush Peach Blush Palette','PRD47052',1,'TRX11639'),(1460,4475,2000,'Lush Red Lipstick','PRD47050',1,'TRX11639'),(1461,3475,973,'Eclat Nude Lipstick','PRD47053',1,'TRX11639'),(1462,6513,2747.5,'Glow White Shirt','PRD47047',1,'TRX11639'),(1463,4000,1700,'Verve Denim Jeans - Grey','PRD47054',1,'TRX11639'),(1464,1254,500,'Bliss Pink Blush Palette','PRD47051',1,'TRX11639'),(1465,3463,775,'Nova Trends Slim Fit Jeans','PRD47049',1,'TRX11639'),(1466,4000,1700,'Verve Denim Jeans - Grey','PRD47054',1,'TRX403768'),(1467,4475,2000,'Lush Red Lipstick','PRD47050',1,'TRX403768'),(1468,5200,1750,'Mystique Striped Shirt','PRD47048',1,'TRX403768'),(1469,1254,500,'Bliss Pink Blush Palette','PRD47051',1,'TRX403768'),(1470,2000,750,'Opulent Blush Peach Blush Palette','PRD47052',1,'TRX403768'),(1471,3475,973,'Eclat Nude Lipstick','PRD47053',1,'TRX403768'),(1472,6513,2747.5,'Glow White Shirt','PRD47047',1,'TRX403768'),(1473,3500,500,'Elite Footwear Classic White Sneakers','PRD47055',1,'TRX403768'),(1474,6513,3256.31,'Glow White Shirt','PRD47047',1,'TRX396569'),(1475,2000,888.89,'Opulent Blush Peach Blush Palette','PRD47052',1,'TRX396569'),(1476,5200,2074.08,'Mystique Striped Shirt','PRD47048',1,'TRX396569'),(1477,3475,1153.19,'Eclat Nude Lipstick','PRD47053',1,'TRX396569'),(1478,4475,2370.38,'Lush Red Lipstick','PRD47050',1,'TRX396569'),(1479,1254,592.5899999999999,'Bliss Pink Blush Palette','PRD47051',1,'TRX396569'),(1480,4000,2014.82,'Verve Denim Jeans - Grey','PRD47054',1,'TRX396569'),(1481,3500,740.74,'Elite Footwear Classic White Sneakers','PRD47055',1,'TRX396569'),(1482,2000,1500,'Opulent Blush Peach Blush Palette','PRD47052',1,'TRX27184'),(1483,1254,1000,'Bliss Pink Blush Palette','PRD47051',1,'TRX27184'),(1484,3475,1946,'Eclat Nude Lipstick','PRD47053',1,'TRX27184'),(1485,4475,4000,'Lush Red Lipstick','PRD47050',1,'TRX27184'),(1486,5200,3500,'Mystique Striped Shirt','PRD47048',1,'TRX27184'),(1487,6513,5495,'Glow White Shirt','PRD47047',1,'TRX27184'),(1488,4700,4100,'Stride Black Sneakers','PRD47001',1,'TRX27184'),(1489,4000,1000,'Verve Denim Jeans - Grey','PRD47054',1,'TRX27184'),(1490,10,10,'KPMG Retail Carry Bag (Medium)',NULL,5,'TRX27184'),(1491,5,5,'KPMG Retail Carry Bag (Small)',NULL,8,'TRX27184'),(1492,2000,750,'Opulent Blush Peach Blush Palette','PRD47052',1,'TRX38638'),(1493,5200,1750,'Mystique Striped Shirt','PRD47048',1,'TRX38638'),(1494,3475,973,'Eclat Nude Lipstick','PRD47053',1,'TRX38638'),(1495,4000,1700,'Verve Denim Jeans - Grey','PRD47054',1,'TRX38638'),(1496,4475,1000,'Lush Red Lipstick','PRD47050',1,'TRX38638'),(1497,3463,512.5,'Nova Trends Slim Fit Jeans','PRD47049',1,'TRX38638'),(1498,10,10,'KPMG Retail Carry Bag (Medium)',NULL,3,'TRX38638'),(1499,5,5,'KPMG Retail Carry Bag (Small)',NULL,4,'TRX38638'),(1500,15,15,'KPMG Retail Carry Bag (Large)',NULL,4,'TRX38638'),(1501,6513,1705.15,'Glow White Shirt','PRD47047',1,'TRX636214'),(1502,5200,1086.08,'Mystique Striped Shirt','PRD47048',1,'TRX636214'),(1503,4475,1241.2399999999998,'Lush Red Lipstick','PRD47050',1,'TRX636214'),(1504,1254,310.30999999999995,'Bliss Pink Blush Palette','PRD47051',1,'TRX636214'),(1505,3475,603.8599999999999,'Eclat Nude Lipstick','PRD47053',1,'TRX636214'),(1506,2000,465.46000000000004,'Opulent Blush Peach Blush Palette','PRD47052',1,'TRX636214'),(1507,3500,387.9000000000001,'Elite Footwear Classic White Sneakers','PRD47055',1,'TRX636214'),(1508,15,15,'KPMG Retail Carry Bag (Large)',NULL,1,'TRX636214'),(1509,10,10,'KPMG Retail Carry Bag (Medium)',NULL,3,'TRX636214'),(1510,5,5,'KPMG Retail Carry Bag (Small)',NULL,2,'TRX636214'),(1511,4000,3400,'Verve Denim Jeans - Grey','PRD47054',1,'TRX332749'),(1512,1254,1000,'Bliss Pink Blush Palette','PRD47051',1,'TRX332749'),(1513,4475,4000,'Lush Red Lipstick','PRD47050',1,'TRX332749'),(1514,5200,3500,'Mystique Striped Shirt','PRD47048',1,'TRX332749'),(1515,6513,5495,'Glow White Shirt','PRD47047',1,'TRX332749'),(1516,2000,1500,'Opulent Blush Peach Blush Palette','PRD47052',1,'TRX332749'),(1517,3475,1946,'Eclat Nude Lipstick','PRD47053',1,'TRX332749'),(1518,4700,4200,'Stride Black Sneakers','PRD47001',1,'TRX332749'),(1519,15,15,'KPMG Retail Carry Bag (Large)',NULL,1,'TRX332749'),(1520,10,10,'KPMG Retail Carry Bag (Medium)',NULL,2,'TRX332749'),(1521,5,5,'KPMG Retail Carry Bag (Small)',NULL,3,'TRX332749'),(1522,2000,552.12,'Opulent Blush Peach Blush Palette','PRD47052',1,'TRX153872'),(1523,4000,1251.46,'Verve Denim Jeans - Grey','PRD47054',1,'TRX153872'),(1524,6513,2022.5900000000001,'Glow White Shirt','PRD47047',1,'TRX153872'),(1525,1254,368.08000000000004,'Bliss Pink Blush Palette','PRD47051',1,'TRX153872'),(1526,4475,1472.31,'Lush Red Lipstick','PRD47050',1,'TRX153872'),(1527,5200,1288.27,'Mystique Striped Shirt','PRD47048',1,'TRX153872'),(1528,3475,716.28,'Eclat Nude Lipstick','PRD47053',1,'TRX153872'),(1529,4700,1582.73,'Stride Black Sneakers','PRD47001',1,'TRX153872'),(1530,10,10,'KPMG Retail Carry Bag (Medium)',NULL,1,'TRX153872'),(1531,3500,736.1600000000001,'Elite Footwear Classic White Sneakers','PRD47055',1,'TRX153872'),(1532,6513,5495,'Glow White Shirt','PRD47047',1,'TRX346613'),(1533,5200,3500,'Mystique Striped Shirt','PRD47048',1,'TRX346613'),(1534,4475,4000,'Lush Red Lipstick','PRD47050',1,'TRX346613'),(1535,1254,1000,'Bliss Pink Blush Palette','PRD47051',1,'TRX346613'),(1536,2000,1500,'Opulent Blush Peach Blush Palette','PRD47052',1,'TRX346613'),(1537,4000,3400,'Verve Denim Jeans - Grey','PRD47054',1,'TRX346613'),(1538,3475,1946,'Eclat Nude Lipstick','PRD47053',1,'TRX346613');
/*!40000 ALTER TABLE `order_items` ENABLE KEYS */;
UNLOCK TABLES;

--
-- Table structure for table `products`
--

DROP TABLE IF EXISTS `products`;
/*!40101 SET @saved_cs_client     = @@character_set_client */;
/*!50503 SET character_set_client = utf8mb4 */;
CREATE TABLE `products` (
  `product_serial` varchar(255) NOT NULL,
  `sku_id` bigint DEFAULT NULL,
  `mrp` double DEFAULT NULL,
  `selling_price` double DEFAULT NULL,
  `product_brand` varchar(255) DEFAULT NULL,
  `product_category` varchar(255) DEFAULT NULL,
  `product_image` varchar(255) DEFAULT NULL,
  `product_name` varchar(255) DEFAULT NULL,
  `tax_rate` double DEFAULT NULL
) ENGINE=InnoDB DEFAULT CHARSET=utf8mb4 COLLATE=utf8mb4_0900_ai_ci;
/*!40101 SET character_set_client = @saved_cs_client */;

--
-- Dumping data for table `products`
--

LOCK TABLES `products` WRITE;
/*!40000 ALTER TABLE `products` DISABLE KEYS */;
INSERT INTO `products` VALUES ('PRD47047',10001,6513,5495,'Glow','Apparel','https://imagescdn.thecollective.in/img/app/product/4/444720-3655954.jpg','White Shirt',12),('PRD47048',10002,5200,3500,'Mystique','Apparel','https://i.etsystatic.com/6454408/r/il/f5f81c/425491807/il_570xN.425491807_isep.jpg','Striped Shirt',12),('PRD47049',10003,3463,2050,'Nova Trends','Apparel','https://imagescdn.thecollective.in/img/app/product/9/944142-12101781.jpg','Slim Fit Jeans',12),('PRD47050',10004,4475,4000,'Lush','Beauty','https://swissbeauty.in/cdn/shop/files/SB-S17_05_B_1400x.jpg?v=1695038919','Red Lipstick',18),('PRD47051',10005,1254,1000,'Bliss','Beauty','https://cdn.tirabeauty.com/v2/billowing-snowflake-434234/tira-p/wrkr/products/pictures/item/free/original/1075835/h8GYEkeoam-1075835_1.jpg?dpr=2','Pink Blush Palette',18),('PRD47052',10006,2000,1500,'Opulent Blush','Beauty','https://images-cdn.ubuy.co.in/633ff10f461cf634b5260daf-cheek-palette-bronzer-highlighter.jpg','Peach Blush Palette',18),('PRD47053',10007,3475,1946,'Eclat','Beauty','https://cdn11.bigcommerce.com/s-ilgxsy4t82/images/stencil/1280x1280/products/222059/564012/A9878200_f3f53bf1-80af-4c7c-81d8-a143d2de590d__94129.1686633959.jpg?c=1&imbypass=on','Nude Lipstick',18),('PRD47054',10008,4000,3400,'Verve','Apparel','https://imagescdn.thecollective.in/img/app/product/8/870089-10346868.jpg','Denim Jeans - Grey',12),('PRD47055',10009,3500,2500,'Elite Footwear','Apparel','https://hips.hearstapps.com/vader-prod.s3.amazonaws.com/1683139047-7-6452a9e262290.png?crop=1xw:1xh;center,top&resize=980:*','Classic White Sneakers',12),('PRD47056',10010,5475,3975,'Stride','Apparel','https://imagescdn.thecollective.in/img/app/product/7/789565-9236010.jpg','Black Sneakers',12);
/*!40000 ALTER TABLE `products` ENABLE KEYS */;
UNLOCK TABLES;

--
-- Table structure for table `samsung_products`
--

DROP TABLE IF EXISTS `samsung_products`;
/*!40101 SET @saved_cs_client     = @@character_set_client */;
/*!50503 SET character_set_client = utf8mb4 */;
CREATE TABLE `samsung_products` (
  `product_serial` varchar(255) NOT NULL,
  `sku_id` bigint DEFAULT NULL,
  `mrp` double DEFAULT NULL,
  `selling_price` double DEFAULT NULL,
  `product_brand` varchar(255) DEFAULT NULL,
  `product_category` varchar(255) DEFAULT NULL,
  `product_image` varchar(255) DEFAULT NULL,
  `product_name` varchar(255) DEFAULT NULL,
  `tax_rate` double DEFAULT NULL
) ENGINE=InnoDB DEFAULT CHARSET=utf8mb4 COLLATE=utf8mb4_0900_ai_ci;
/*!40101 SET character_set_client = @saved_cs_client */;

--
-- Dumping data for table `samsung_products`
--

LOCK TABLES `samsung_products` WRITE;
/*!40000 ALTER TABLE `samsung_products` DISABLE KEYS */;
INSERT INTO `samsung_products` VALUES ('PRD47047',10001,6513,5495,'Glow','Apparel','https://imagescdn.thecollective.in/img/app/product/4/444720-3655954.jpg','White Shirt',12),('PRD47048',10002,5200,3500,'Mystique','Apparel','https://i.etsystatic.com/6454408/r/il/f5f81c/425491807/il_570xN.425491807_isep.jpg','Striped Shirt',12),('PRD47049',10003,3463,2050,'Nova Trends','Apparel','https://imagescdn.thecollective.in/img/app/product/9/944142-12101781.jpg','Slim Fit Jeans',12),('PRD47050',10004,4475,4000,'Lush','Beauty','https://swissbeauty.in/cdn/shop/files/SB-S17_05_B_1400x.jpg?v=1695038919','Red Lipstick',18),('PRD47051',10005,1254,1000,'Bliss','Beauty','https://cdn.tirabeauty.com/v2/billowing-snowflake-434234/tira-p/wrkr/products/pictures/item/free/original/1075835/h8GYEkeoam-1075835_1.jpg?dpr=2','Pink Blush Palette',18),('PRD47052',10006,2000,1500,'Opulent Blush','Beauty','https://images-cdn.ubuy.co.in/633ff10f461cf634b5260daf-cheek-palette-bronzer-highlighter.jpg','Peach Blush Palette',18),('PRD47053',10007,3475,1946,'Eclat','Beauty','https://cdn11.bigcommerce.com/s-ilgxsy4t82/images/stencil/1280x1280/products/222059/564012/A9878200_f3f53bf1-80af-4c7c-81d8-a143d2de590d__94129.1686633959.jpg?c=1&imbypass=on','Nude Lipstick',18),('PRD47054',10008,4000,3400,'Verve','Apparel','https://imagescdn.thecollective.in/img/app/product/8/870089-10346868.jpg','Denim Jeans - Grey',12),('PRD47055',10009,3500,2500,'Elite Footwear','Apparel','https://hips.hearstapps.com/vader-prod.s3.amazonaws.com/1683139047-7-6452a9e262290.png?crop=1xw:1xh;center,top&resize=980:*','Classic White Sneakers',12),('PRD47056',10010,5475,3975,'Stride','Apparel','https://imagescdn.thecollective.in/img/app/product/7/789565-9236010.jpg','Black Sneakers',12),('PRD47057',10011,18990,9999,'Samsung','Mobile Phone','https://m.media-amazon.com/images/I/81ZSn2rk9WL._SL1500_.jpg','M14 (Icy Silver, 6GB, 128GB)',18),('PRD47058',10012,149999,89797,'Samsung','Mobile Phone','https://m.media-amazon.com/images/I/518-9ZaLFML._SL1500_.jpg','S23 Ultra 5G (Cream, 12GB, 256GB)',18),('PRD47059',10013,24499,13999,'Samsung','Mobile Phone','https://m.media-amazon.com/images/I/91fonhAtoAL._SL1500_.jpg','M34 (Midnight Blue, 6GB, 128GB)',18),('PRD47060',10014,18990,9999,'Samsung','Mobile Phone','https://m.media-amazon.com/images/I/818VqDSKpCL._SL1500_.jpg','M14 (Smoky Teal, 6GB, 128GB)',18),('PRD47061',10015,16999,12999,'Samsung','Mobile Phone','https://m.media-amazon.com/images/I/81BTRVfsuFL._SL1500_.jpg','M15 (Blue Topaz, 6GB RAM, 128GB)',18),('PRD47062',10016,25999,15999,'Samsung','Mobile Phone','https://m.media-amazon.com/images/I/91L9EF-OEGL._SL1500_.jpg','M34 (Waterfall Blue, 8GB, 128GB)',18),('PRD47063',10017,35999,22999,'Samsung','Mobile Phone','https://m.media-amazon.com/images/I/81cjnxL6jbL._SL1500_.jpg','F54 (Stardust Silver, 8GB, 256 GB)',18),('PRD47064',10018,169999,164999,'Samsung','Mobile Phone','https://m.media-amazon.com/images/I/716pi7fRTpL._SL1500_.jpg','Z Fold5 (Beige, 12GB, 512GB)',18),('PRD47065',10019,169999,164999,'Samsung','Mobile Phone','https://m.media-amazon.com/images/I/71RLYJvBidL._SL1500_.jpg','Z Fold5 (Black, 12GB, 512GB)',18),('PRD47066',10020,149999,139998,'Samsung','Mobile Phone','https://m.media-amazon.com/images/I/81lek2iav1L._SL1500_.jpg','Z Fold5 (Titanium Violet, 12GB, 512GB)',18);
/*!40000 ALTER TABLE `samsung_products` ENABLE KEYS */;
UNLOCK TABLES;

--
-- Table structure for table `transactions`
--

DROP TABLE IF EXISTS `transactions`;
/*!40101 SET @saved_cs_client     = @@character_set_client */;
/*!50503 SET character_set_client = utf8mb4 */;
CREATE TABLE `transactions` (
  `transaction_id` varchar(255) NOT NULL,
  `created_at` datetime(6) DEFAULT NULL,
  `encrypted_mobile` varchar(255) DEFAULT NULL,
  `error_message` varchar(255) DEFAULT NULL,
  `payment_id` bigint DEFAULT NULL,
  `payment_method` varchar(255) DEFAULT NULL,
  `payment_status` varchar(255) DEFAULT NULL,
  `user_id` varchar(255) DEFAULT NULL
) ENGINE=InnoDB DEFAULT CHARSET=utf8mb4 COLLATE=utf8mb4_0900_ai_ci;
/*!40101 SET character_set_client = @saved_cs_client */;

--
-- Dumping data for table `transactions`
--

LOCK TABLES `transactions` WRITE;
/*!40000 ALTER TABLE `transactions` DISABLE KEYS */;
INSERT INTO `transactions` VALUES ('TRX100680','2024-03-07 16:19:24.793943','+91 666 - 666 - 6666','NA',12345678,'UPI','Successful','7'),('TRX101162','2024-02-22 15:14:12.562374','+91 666 - 666 - 6666','NA',12345678,'UPI','Successful','7'),('TRX111071','2024-05-15 11:23:22.782760','+91 666 - 666 - 6666','NA',12345678,'UPI','Successful','7'),('TRX111956','2024-02-16 12:30:29.810003','+91 111 - 111 - 1111','NA',12345678,'UPI','Successful','1'),('TRX116255','2024-02-23 15:05:13.673737','+91 666 - 666 - 6666','NA',12345678,'UPI','Successful','7'),('TRX11639','2024-05-15 13:49:18.968223','+91 666 - 666 - 6666','NA',12345678,'UPI','Successful','7'),('TRX125383','2024-02-23 15:56:51.313303','+91 666 - 666 - 6666','NA',12345678,'UPI','Successful','7'),('TRX125735','2024-02-13 11:04:38.461028','+91 111 - 111 - 1111','NA',12345678,'UPI','Successful','1'),('TRX138225','2024-03-07 16:46:00.571816','+91 666 - 666 - 6666','NA',12345678,'UPI','Successful','7'),('TRX141567','2024-02-25 18:23:42.347197','+91 666 - 666 - 6666','NA',12345678,'UPI','Successful','7'),('TRX153872','2024-05-20 16:06:20.109558','+91 777 - 777 - 7777','NA',12345678,'UPI','Successful','20'),('TRX155881','2024-02-19 14:51:02.159975','+91 111 - 111 - 1111','NA',12345678,'UPI','Successful','1'),('TRX155940','2024-02-20 21:40:25.590246','+91 111 - 111 - 1111','NA',12345678,'UPI','Successful','1'),('TRX156530','2024-02-13 12:30:30.136504','+91 111 - 111 - 1111','NA',12345678,'UPI','Successful','1'),('TRX167560','2024-05-15 10:51:42.508652','+91 666 - 666 - 6666','NA',12345678,'UPI','Successful','7'),('TRX178172','2024-05-15 11:29:38.621001','+91 666 - 666 - 6666','NA',12345678,'UPI','Successful','7'),('TRX179236','2024-02-23 11:54:10.736966','+91 666 - 666 - 6666','NA',12345678,'UPI','Successful','7'),('TRX199760','2024-02-26 10:46:03.338197','+91 666 - 666 - 6666','NA',12345678,'UPI','Successful','7'),('TRX201360','2024-03-07 14:54:07.422343','+91 987 - 999 - 9999','NA',12345678,'UPI','Successful','14'),('TRX201929','2024-02-23 17:36:28.743663','+91 666 - 666 - 6666','NA',12345678,'UPI','Successful','7'),('TRX212505','2024-02-22 13:16:19.486811','+91 666 - 666 - 6666','NA',12345678,'UPI','Successful','7'),('TRX214367','2024-04-01 11:09:18.541952','+91 888 - 888 - 8888','NA',12345678,'UPI','Successful','13'),('TRX217117','2024-05-15 10:55:31.081129','+91 666 - 666 - 6666','NA',12345678,'UPI','Successful','7'),('TRX224783','2024-05-15 12:34:48.479515','+91 666 - 666 - 6666','NA',12345678,'UPI','Successful','7'),('TRX229483','2024-02-22 15:24:58.888890','+91 666 - 666 - 6666','NA',12345678,'UPI','Successful','7'),('TRX230072','2024-02-12 13:58:03.437983','+91 111 - 111 - 1111','NA',12345678,'UPI','Successful','1'),('TRX237778','2024-03-08 12:44:15.492399','+91 666 - 666 - 6666','NA',12345678,'UPI','Successful','7'),('TRX239962','2024-02-26 11:16:53.935843','+91 666 - 666 - 6666','NA',12345678,'UPI','Successful','7'),('TRX242645','2024-02-26 11:11:22.489479','+91 666 - 666 - 6666','NA',12345678,'UPI','Successful','7'),('TRX244383','2024-05-15 12:51:09.201373','+91 666 - 666 - 6666','NA',12345678,'UPI','Successful','7'),('TRX2452','2024-03-12 18:46:23.989188','+91 808 - 088 - 8888','NA',12345678,'UPI','Successful','15'),('TRX24728','2024-04-01 15:41:12.375631','+91 888 - 888 - 8888','NA',12345678,'UPI','Successful','13'),('TRX252276','2024-02-13 16:24:42.830649','+91 111 - 111 - 1111','NA',12345678,'UPI','Successful','1'),('TRX255163','2024-02-19 15:00:55.579583','+91 952 - 000 - 0662','NA',12345678,'Debit/Credit Card','Successful',NULL),('TRX257100','2024-05-15 09:12:03.634488','+91 666 - 666 - 6666','NA',12345678,'UPI','Successful','7'),('TRX269710','2024-03-06 14:16:24.940408','+91 666 - 666 - 6666','NA',12345678,'UPI','Successful','7'),('TRX27184','2024-05-19 11:31:42.171022','+91 666 - 666 - 6666','NA',12345678,'UPI','Successful','7'),('TRX276527','2024-02-26 10:47:15.907948','+91 666 - 666 - 6666','NA',12345678,'UPI','Successful','7'),('TRX290060','2024-02-08 20:40:59.350012','+91 111 - 111 - 1111','',12345678,'UPI','Successful','1'),('TRX293752','2024-02-23 12:40:58.990518','+91 666 - 666 - 6666','NA',12345678,'UPI','Successful','7'),('TRX294496','2024-02-23 15:05:49.926645','+91 666 - 666 - 6666','NA',12345678,'UPI','Successful','7'),('TRX299404','2024-02-21 16:02:15.175935','+91 666 - 666 - 6666','NA',12345678,'UPI','Successful','7'),('TRX300510','2024-05-06 15:32:30.732698','+91 666 - 666 - 6666','NA',12345678,'UPI','Successful','7'),('TRX312525','2024-02-26 10:58:00.676819','+91 666 - 666 - 6666','NA',12345678,'UPI','Successful','7'),('TRX316729','2024-02-23 12:14:24.865926','+91 666 - 666 - 6666','NA',12345678,'UPI','Successful','7'),('TRX319185','2024-02-21 13:47:09.952108','+91 666 - 666 - 6666','NA',12345678,'UPI','Successful','7'),('TRX322825','2024-02-20 11:42:45.286643','+91 111 - 111 - 1111','NA',12345678,'UPI','Successful','1'),('TRX331215','2024-03-18 09:56:11.601896','+91 666 - 666 - 6666','NA',12345678,'UPI','Successful','7'),('TRX332749','2024-05-20 11:52:20.687562','+91 666 - 688 - 8888','NA',12345678,'UPI','Successful','19'),('TRX333760','2024-02-26 11:06:34.685375','+91 666 - 666 - 6666','NA',12345678,'UPI','Successful','7'),('TRX336723','2024-05-15 10:58:18.506699','+91 666 - 666 - 6666','NA',12345678,'UPI','Successful','7'),('TRX338731','2024-02-20 11:36:02.320764','+91 111 - 111 - 1111','NA',12345678,'UPI','Successful','1'),('TRX342491','2024-03-05 19:48:35.671882','+91 666 - 666 - 6666','NA',12345678,'UPI','Successful','7'),('TRX346613','2024-05-28 12:36:25.060632','+91 666 - 666 - 6666','NA',12345678,'UPI','Successful','7'),('TRX352823','2024-05-15 12:37:41.549813','+91 666 - 666 - 6666','NA',12345678,'UPI','Successful','7'),('TRX358109','2024-05-14 16:31:19.966050','+91 666 - 666 - 6666','NA',12345678,'UPI','Successful','7'),('TRX368950','2024-05-15 13:40:24.761918','+91 666 - 666 - 6666','NA',12345678,'UPI','Successful','7'),('TRX381365','2024-02-12 13:57:33.399838','+91 111 - 111 - 1111','NA',12345678,'UPI','Successful','1'),('TRX38638','2024-05-20 00:14:13.855770','+91 666 - 666 - 6666','NA',12345678,'UPI','Successful','7'),('TRX389081','2024-02-20 11:55:11.327752','+91 111 - 111 - 1111','NA',12345678,'UPI','Successful','1'),('TRX390188','2024-05-14 16:41:14.343387','+91 666 - 666 - 6666','NA',12345678,'UPI','Successful','7'),('TRX395463','2024-03-05 21:19:16.254073','+91 666 - 666 - 6666','NA',12345678,'UPI','Successful','7'),('TRX396569','2024-05-17 15:42:07.038375','+91 666 - 666 - 6666','NA',12345678,'UPI','Successful','7'),('TRX397011','2024-02-26 16:18:48.410687','+91 666 - 666 - 6666','NA',12345678,'UPI','Successful','7'),('TRX403768','2024-05-15 13:53:31.898854','+91 666 - 666 - 6666','NA',12345678,'UPI','Successful','7'),('TRX407377','2024-05-15 11:26:18.534473','+91 666 - 666 - 6666','NA',12345678,'UPI','Successful','7'),('TRX413071','2024-04-14 23:29:19.591816','+91 666 - 666 - 6666','NA',12345678,'UPI','Successful','7'),('TRX413278','2024-05-15 13:46:23.863799','+91 666 - 666 - 6666','NA',12345678,'UPI','Successful','7'),('TRX41520','2024-02-21 15:08:35.634238','+91 666 - 666 - 6666','NA',12345678,'UPI','Successful','7'),('TRX422586','2024-03-07 16:42:15.837222','+91 666 - 666 - 6666','NA',12345678,'UPI','Successful','7'),('TRX425009','2024-04-18 13:45:42.209333','+91 666 - 666 - 6666','NA',12345678,'UPI','Successful','7'),('TRX42946','2024-02-15 12:25:10.302423','+91 111 - 111 - 1111','NA',12345678,'UPI','Successful','1'),('TRX430780','2024-02-23 12:51:04.955491','+91 666 - 666 - 6666','NA',12345678,'UPI','Successful','7'),('TRX452271','2024-03-05 19:46:35.827530','+91 666 - 666 - 6666','NA',12345678,'UPI','Successful','7'),('TRX454554','2024-02-25 18:20:02.433270','+91 666 - 666 - 6666','NA',12345678,'UPI','Successful','7'),('TRX464775','2024-03-15 12:52:21.102812','+91 888 - 888 - 8888','NA',12345678,'UPI','Successful','13'),('TRX473197','2024-02-23 12:27:17.867907','+91 666 - 666 - 6666','NA',12345678,'UPI','Successful','7'),('TRX475048','2024-03-07 12:26:00.780462','+91 987 - 999 - 9999','NA',12345678,'UPI','Successful','14'),('TRX479793','2024-02-22 12:27:31.210133','+91 666 - 666 - 6666','NA',12345678,'UPI','Successful','7'),('TRX479898','2024-02-20 23:22:00.592043','+91 666 - 666 - 6666','NA',12345678,'UPI','Successful','5'),('TRX484592','2024-05-15 11:47:45.325734','+91 666 - 666 - 6666','NA',12345678,'UPI','Successful','7'),('TRX486787','2024-02-20 11:36:02.323357','+91 111 - 111 - 1111','NA',12345678,'UPI','Successful','1'),('TRX491761','2024-02-12 15:00:21.350470','+91 111 - 111 - 1111','NA',12345678,'UPI','Successful','1'),('TRX502800','2024-02-20 11:36:02.296972','+91 111 - 111 - 1111','NA',12345678,'UPI','Successful','1'),('TRX504172','2024-05-06 15:46:56.569352','+91 666 - 666 - 6666','NA',12345678,'UPI','Successful','7'),('TRX504723','2024-02-23 15:53:48.617649','+91 666 - 666 - 6666','NA',12345678,'UPI','Successful','7'),('TRX505845','2024-03-17 23:36:17.403264','+91 666 - 666 - 6666','NA',12345678,'UPI','Successful','7'),('TRX506226','2024-05-06 16:12:47.204554','+91 666 - 666 - 6666','NA',12345678,'UPI','Successful','7'),('TRX515146','2024-02-23 15:38:31.138174','+91 666 - 666 - 6666','NA',12345678,'UPI','Successful','7'),('TRX520421','2024-03-08 12:17:56.830032','+91 666 - 666 - 6666','NA',12345678,'UPI','Successful','7'),('TRX52145','2024-02-15 12:05:16.824491','+91 111 - 111 - 1111','NA',12345678,'UPI','Successful','1'),('TRX525087','2024-05-15 13:29:57.628555','+91 666 - 666 - 6666','NA',12345678,'UPI','Successful','7'),('TRX553739','2024-05-15 09:04:56.137613','+91 666 - 666 - 6666','NA',12345678,'UPI','Successful','7'),('TRX555498','2024-02-13 15:28:54.808654','+91 111 - 111 - 1111','NA',12345678,'UPI','Successful','1'),('TRX555675','2024-02-25 18:21:03.067075','+91 666 - 666 - 6666','NA',12345678,'UPI','Successful','7'),('TRX566893','2024-02-09 15:27:31.083448','+91 111 - 111 - 1111','NA',12345678,'UPI','Successful','1'),('TRX585752','2024-03-07 16:22:52.620715','+91 666 - 666 - 6666','NA',12345678,'UPI','Successful','7'),('TRX588800','2024-05-15 10:54:45.424067','+91 666 - 666 - 6666','NA',12345678,'UPI','Successful','7'),('TRX595087','2024-05-15 11:40:22.047912','+91 666 - 666 - 6666','NA',12345678,'UPI','Successful','7'),('TRX595806','2024-02-13 16:25:44.657624','+91 111 - 111 - 1111','NA',12345678,'Debit/Credit Card','Successful','1'),('TRX597002','2024-02-21 13:47:58.030933','+91 666 - 666 - 6666','NA',12345678,'UPI','Successful','7'),('TRX601761','2024-02-23 15:35:21.973489','+91 666 - 666 - 6666','NA',12345678,'UPI','Successful','7'),('TRX615064','2024-02-21 10:38:50.703959','+91 666 - 666 - 6666','NA',12345678,'UPI','Successful','7'),('TRX621301','2024-05-15 11:15:47.866541','+91 666 - 666 - 6666','NA',12345678,'UPI','Successful','7'),('TRX6246','2024-05-15 11:35:31.478882','+91 666 - 666 - 6666','NA',12345678,'UPI','Successful','7'),('TRX629733','2024-03-12 18:47:18.057070','+91 808 - 088 - 8888','NA',12345678,'UPI','Successful','15'),('TRX630325','2024-02-25 18:21:32.706794','+91 666 - 666 - 6666','NA',12345678,'UPI','Successful','7'),('TRX631207','2024-03-07 15:54:20.779895','+91 987 - 999 - 9999','NA',12345678,'UPI','Successful','14'),('TRX636214','2024-05-20 10:49:34.474373','+91 666 - 688 - 8888','NA',12345678,'UPI','Successful','19'),('TRX637514','2024-02-20 11:40:35.086416','+91 111 - 111 - 1111','NA',12345678,'UPI','Successful','1'),('TRX64037','2024-02-23 12:44:12.692555','+91 666 - 666 - 6666','NA',12345678,'UPI','Successful','7'),('TRX646885','2024-02-13 12:23:37.650291','+91 111 - 111 - 1111','NA',12345678,'UPI','Successful','1'),('TRX654535','2024-04-08 14:17:47.358327','+91 666 - 666 - 6666','NA',12345678,'UPI','Successful','7'),('TRX659220','2024-02-25 18:21:17.373328','+91 666 - 666 - 6666','NA',12345678,'UPI','Successful','7'),('TRX659306','2024-05-15 09:24:16.677743','+91 666 - 666 - 6666','NA',12345678,'UPI','Successful','7'),('TRX659848','2024-05-15 12:12:30.191301','+91 666 - 666 - 6666','NA',12345678,'UPI','Successful','7'),('TRX662498','2024-02-23 12:40:10.123309','+91 666 - 666 - 6666','NA',12345678,'UPI','Successful','7'),('TRX678304','2024-02-21 16:26:27.451466','+91 666 - 666 - 6666','NA',12345678,'UPI','Successful','7'),('TRX681387','2024-02-23 12:39:33.940560','+91 666 - 666 - 6666','NA',12345678,'UPI','Successful','7'),('TRX68585','2024-02-23 12:31:56.595730','+91 666 - 666 - 6666','NA',12345678,'UPI','Successful','7'),('TRX68646','2024-02-22 15:02:52.003878','+91 666 - 666 - 6666','NA',12345678,'Debit/Credit Card','Successful','7'),('TRX68756','2024-02-13 22:54:48.365346','+91 111 - 111 - 1111','NA',12345678,'UPI','Successful','1'),('TRX689991','2024-02-27 17:15:02.909657','+91 852 - 722 - 2063','NA',12345678,'UPI','Successful','12'),('TRX690995','2024-02-23 10:47:55.682974','+91 666 - 666 - 6666','NA',12345678,'UPI','Successful','7'),('TRX694388','2024-05-15 09:26:11.838127','+91 666 - 666 - 6666','NA',12345678,'UPI','Successful','7'),('TRX700315','2024-05-06 14:27:09.708943','+91 666 - 666 - 6666','NA',12345678,'UPI','Successful','7'),('TRX703640','2024-02-13 13:52:29.889434','+91 111 - 111 - 1111','NA',12345678,'UPI','Successful','1'),('TRX703696','2024-02-22 12:10:21.404150','+91 666 - 666 - 6666','NA',12345678,'UPI','Successful','7'),('TRX707807','2024-05-15 11:21:15.271349','+91 666 - 666 - 6666','NA',12345678,'UPI','Successful','7'),('TRX712515','2024-02-23 17:26:13.951629','+91 666 - 666 - 6666','NA',12345678,'UPI','Successful','7'),('TRX728006','2024-02-16 14:11:11.872816','+91 111 - 111 - 1111','NA',12345678,'UPI','Successful','1'),('TRX733481','2024-02-26 16:12:14.483493','+91 666 - 666 - 6666','NA',12345678,'UPI','Successful','7'),('TRX754171','2024-02-26 11:19:18.448317','+91 956 - 044 - 2753','NA',12345678,'UPI','Successful','9'),('TRX760496','2024-02-23 12:23:03.278061','+91 666 - 666 - 6666','NA',12345678,'UPI','Successful','7'),('TRX763306','2024-02-13 11:05:45.197624','+91 111 - 111 - 1111','NA',12345678,'Debit/Credit Card','Successful','1'),('TRX775130','2024-02-22 12:18:36.566505','+91 666 - 666 - 6666','NA',12345678,'UPI','Successful','7'),('TRX779508','2024-05-15 09:24:48.512613','+91 666 - 666 - 6666','NA',12345678,'UPI','Successful','7'),('TRX779788','2024-04-14 23:34:51.184430','+91 666 - 666 - 6666','NA',12345678,'UPI','Successful','7'),('TRX779854','2024-02-23 16:04:34.858542','+91 666 - 666 - 6666','NA',12345678,'UPI','Successful','7'),('TRX783184','2024-02-23 15:36:09.805982','+91 666 - 666 - 6666','NA',12345678,'UPI','Successful','7'),('TRX789711','2024-02-16 15:58:07.456871','+91 111 - 111 - 1111','NA',12345678,'UPI','Successful','1'),('TRX790731','2024-05-14 22:51:15.808044','+91 666 - 666 - 6666','NA',12345678,'UPI','Successful','7'),('TRX791933','2024-05-15 09:07:27.234486','+91 666 - 666 - 6666','NA',12345678,'UPI','Successful','7'),('TRX792181','2024-03-07 16:51:21.621355','+91 666 - 666 - 6666','NA',12345678,'UPI','Successful','7'),('TRX799710','2024-02-20 11:31:02.161838','+91 111 - 111 - 1111','NA',12345678,'UPI','Successful','1'),('TRX800681','2024-05-14 18:45:11.210167','+91 666 - 666 - 6666','NA',12345678,'UPI','Successful','7'),('TRX802360','2024-02-23 17:44:40.222868','+91 666 - 666 - 6666','NA',12345678,'UPI','Successful','7'),('TRX811980','2024-02-26 12:13:26.051086','+91 882 - 601 - 6456','NA',12345678,'UPI','Successful','11'),('TRX824095','2024-05-15 12:49:15.979532','+91 666 - 666 - 6666','NA',12345678,'UPI','Successful','7'),('TRX824488','2024-02-26 10:48:18.468078','+91 666 - 666 - 6666','NA',12345678,'UPI','Successful','7'),('TRX82722','2024-05-06 15:13:41.679998','+91 666 - 666 - 6666','NA',12345678,'UPI','Successful','7'),('TRX834977','2024-02-23 12:24:51.596946','+91 666 - 666 - 6666','NA',12345678,'UPI','Successful','7'),('TRX839364','2024-03-07 16:44:04.137844','+91 666 - 666 - 6666','NA',12345678,'UPI','Successful','7'),('TRX839867','2024-02-21 15:49:55.405859','+91 666 - 666 - 6666','NA',12345678,'UPI','Successful','7'),('TRX854851','2024-02-26 11:28:33.127554','+91 989 - 967 - 7385','NA',12345678,'Debit/Credit Card','Successful','10'),('TRX855185','2024-02-20 11:41:21.701535','+91 111 - 111 - 1111','NA',12345678,'UPI','Successful','1'),('TRX876911','2024-02-23 17:34:49.863499','+91 666 - 666 - 6666','NA',12345678,'UPI','Successful','7'),('TRX877055','2024-04-15 12:08:18.894508','+91 666 - 666 - 6666','NA',12345678,'UPI','Successful','7'),('TRX878491','2024-02-26 11:07:06.045600','+91 666 - 666 - 6666','NA',12345678,'UPI','Successful','7'),('TRX884923','2024-03-15 13:20:35.898436','+91 808 - 088 - 8888','NA',12345678,'UPI','Successful','15'),('TRX885570','2024-04-15 11:29:41.912384','+91 666 - 666 - 6666','NA',12345678,'UPI','Successful','7'),('TRX899423','2024-02-23 15:30:42.241651','+91 666 - 666 - 6666','NA',12345678,'UPI','Successful','7'),('TRX900539','2024-02-29 13:47:26.457470','+91 666 - 666 - 6666','NA',12345678,'UPI','Successful','7'),('TRX907255','2024-05-15 09:31:12.937699','+91 666 - 666 - 6666','NA',12345678,'UPI','Successful','7'),('TRX925066','2024-03-29 18:00:53.824716','+91 666 - 666 - 6666','NA',12345678,'UPI','Successful','7'),('TRX935611','2024-02-20 11:36:02.297074','+91 111 - 111 - 1111','NA',12345678,'UPI','Successful','1'),('TRX939072','2024-05-15 11:09:16.153300','+91 789 - 999 - 9999','NA',12345678,'UPI','Successful','18'),('TRX946900','2024-02-20 11:55:58.465984','+91 111 - 111 - 1111','NA',12345678,'UPI','Successful','1'),('TRX949632','2024-02-21 16:04:28.752415','+91 666 - 666 - 6666','NA',12345678,'UPI','Successful','7'),('TRX952801','2024-02-26 11:29:42.933282','+91 666 - 666 - 6666','NA',12345678,'UPI','Successful','7'),('TRX953092','2024-03-12 18:48:28.862027','+91 808 - 088 - 8888','NA',12345678,'UPI','Successful','15'),('TRX966009','2024-02-23 12:56:58.185304','+91 666 - 666 - 6666','NA',12345678,'UPI','Successful','7'),('TRX966988','2024-05-15 12:53:01.881744','+91 666 - 666 - 6666','NA',12345678,'UPI','Successful','7'),('TRX968561','2024-05-15 10:56:39.332352','+91 666 - 666 - 6666','NA',12345678,'UPI','Successful','7'),('TRX978043','2024-02-23 12:08:17.005120','+91 666 - 666 - 6666','NA',12345678,'UPI','Successful','7'),('TRX982378','2024-02-23 15:45:08.881299','+91 666 - 666 - 6666','NA',12345678,'UPI','Successful','7'),('TRX986683','2024-03-18 11:14:52.088234','+91 666 - 666 - 6666','NA',12345678,'UPI','Successful','7');
/*!40000 ALTER TABLE `transactions` ENABLE KEYS */;
UNLOCK TABLES;

--
-- Table structure for table `users`
--

DROP TABLE IF EXISTS `users`;
/*!40101 SET @saved_cs_client     = @@character_set_client */;
/*!50503 SET character_set_client = utf8mb4 */;
CREATE TABLE `users` (
  `user_id` bigint NOT NULL DEFAULT '0',
  `user_encrypted_mobile` varchar(255) DEFAULT NULL,
  `user_feedback` double DEFAULT NULL,
  `user_lp_balance` int DEFAULT NULL,
  `user_name` varchar(255) DEFAULT NULL,
  `user_role` varchar(255) DEFAULT NULL
) ENGINE=InnoDB DEFAULT CHARSET=utf8mb4 COLLATE=utf8mb4_0900_ai_ci;
/*!40101 SET character_set_client = @saved_cs_client */;

--
-- Dumping data for table `users`
--

LOCK TABLES `users` WRITE;
/*!40000 ALTER TABLE `users` DISABLE KEYS */;
INSERT INTO `users` VALUES (7,'/Cx2zO/a9SbdSqxdS6qh3A==',1.71875,1381,'','CUSTOMER'),(8,'+GGQLDgMEnNoBqGp50MsvA==',0,0,'Swastik','CUSTOMER'),(9,'Emj+QR88t/A5OnEkHCCCnA==',0,250,'','CUSTOMER'),(10,'Bs6I0QswLmSOFWB7snHYnw==',0.5,260,'','CUSTOMER'),(11,'aGfDoeeLwD5LOCYoTL3X5g==',1.5,55,'Vipul Jain','CUSTOMER'),(12,'gzMudar0HzqmIykIM3VrHw==',1.5,1504,'Swastik','CUSTOMER'),(13,'Yd46UjncAK6MF39ZCSEZuA==',0,34,'','CUSTOMER'),(14,'TdyrAPAog8EP/Zt5aBNOpA==',0,737,'Krishan','CUSTOMER'),(15,'cGJwEtqbBpyEwMBAT9KsZA==',2,682,'Divye','CUSTOMER'),(16,'UMTXCenzwc4QtxMDZ99rzw==',0,0,'','CUSTOMER'),(17,'1+nwXeVAvEc67yTd9rI7LQ==',0,0,'Swastik','CUSTOMER'),(18,'nii7DukwXtP9U+V0m7M3pg==',0,350,'Srk','CUSTOMER'),(19,'uO2A2u6gfWgkXWgFmw4E9A==',2.25,1566,'','CUSTOMER'),(20,'jQRbC/A4Dj/vs/VUljwJ0Q==',0,500,'','CUSTOMER'),(21,'RMoC7H0BfflcF3Jlyf18oQ==',0,0,'Kathy Sierra','CUSTOMER');
/*!40000 ALTER TABLE `users` ENABLE KEYS */;
UNLOCK TABLES;
/*!40103 SET TIME_ZONE=@OLD_TIME_ZONE */;

/*!40101 SET SQL_MODE=@OLD_SQL_MODE */;
/*!40014 SET FOREIGN_KEY_CHECKS=@OLD_FOREIGN_KEY_CHECKS */;
/*!40014 SET UNIQUE_CHECKS=@OLD_UNIQUE_CHECKS */;
/*!40101 SET CHARACTER_SET_CLIENT=@OLD_CHARACTER_SET_CLIENT */;
/*!40101 SET CHARACTER_SET_RESULTS=@OLD_CHARACTER_SET_RESULTS */;
/*!40101 SET COLLATION_CONNECTION=@OLD_COLLATION_CONNECTION */;
/*!40111 SET SQL_NOTES=@OLD_SQL_NOTES */;

-- Dump completed on 2024-05-31 23:08:41
